path,emotion,text
Sound Source\Angry\1157_kz_acik.wav,angry,acik
Sound Source\Angry\1157_kz_algi.wav,angry,algi
Sound Source\Angry\1157_kz_beste.wav,angry,beste
Sound Source\Angry\1157_kz_bugu.wav,angry,bugu
Sound Source\Angry\1157_kz_cay.wav,angry,cay
Sound Source\Angry\1157_kz_cekirge.wav,angry,cekirge
Sound Source\Angry\1157_kz_cene.wav,angry,cene
Sound Source\Angry\1157_kz_ceren.wav,angry,ceren
Sound Source\Angry\1157_kz_cilek.wav,angry,cilek
Sound Source\Angry\1157_kz_demet.wav,angry,demet
Sound Source\Angry\1157_kz_demir.wav,angry,demir
Sound Source\Angry\1157_kz_deve.wav,angry,deve
Sound Source\Angry\1157_kz_deyim.wav,angry,deyim
Sound Source\Angry\1157_kz_dil.wav,angry,dil
Sound Source\Angry\1157_kz_dizge.wav,angry,dizge
Sound Source\Angry\1157_kz_dugun.wav,angry,dugun
Sound Source\Angry\1157_kz_eger.wav,angry,eger
Sound Source\Angry\1157_kz_elmacik.wav,angry,elmacik
Sound Source\Angry\1157_kz_eski.wav,angry,eski
Sound Source\Angry\1157_kz_firildak.wav,angry,firildak
Sound Source\Angry\1157_kz_gezi.wav,angry,gezi
Sound Source\Angry\1157_kz_gicik.wav,angry,gicik
Sound Source\Angry\1157_kz_goz.wav,angry,goz
Sound Source\Angry\1157_kz_gunes.wav,angry,gunes
Sound Source\Angry\1157_kz_gurbuz.wav,angry,gurbuz
Sound Source\Angry\1157_kz_hekim.wav,angry,hekim
Sound Source\Angry\1157_kz_igde.wav,angry,igde
Sound Source\Angry\1157_kz_isirgan.wav,angry,isirgan
Sound Source\Angry\1157_kz_japon.wav,angry,japon
Sound Source\Angry\1157_kz_kagit.wav,angry,kagit
Sound Source\Angry\1157_kz_karton.wav,angry,karton
Sound Source\Angry\1157_kz_kedi.wav,angry,kedi
Sound Source\Angry\1157_kz_kemik.wav,angry,kemik
Sound Source\Angry\1157_kz_kibir.wav,angry,kibir
Sound Source\Angry\1157_kz_kiler.wav,angry,kiler
Sound Source\Angry\1157_kz_koku.wav,angry,koku
Sound Source\Angry\1157_kz_konuk.wav,angry,konuk
Sound Source\Angry\1157_kz_kulac.wav,angry,kulac
Sound Source\Angry\1157_kz_kusluk.wav,angry,kusluk
Sound Source\Angry\1157_kz_kustah.wav,angry,kustah
Sound Source\Angry\1157_kz_lokma.wav,angry,lokma
Sound Source\Angry\1157_kz_lufer.wav,angry,lufer
Sound Source\Angry\1157_kz_melek.wav,angry,melek
Sound Source\Angry\1157_kz_mujde.wav,angry,mujde
Sound Source\Angry\1157_kz_nicin.wav,angry,nicin
Sound Source\Angry\1157_kz_odenek.wav,angry,odenek
Sound Source\Angry\1157_kz_ogul.wav,angry,ogul
Sound Source\Angry\1157_kz_okul.wav,angry,okul
Sound Source\Angry\1157_kz_olcut.wav,angry,olcut
Sound Source\Angry\1157_kz_ordek.wav,angry,ordek
Sound Source\Angry\1157_kz_pamuk.wav,angry,pamuk
Sound Source\Angry\1157_kz_pas.wav,angry,pas
Sound Source\Angry\1157_kz_pihti.wav,angry,pihti
Sound Source\Angry\1157_kz_rihtim.wav,angry,rihtim
Sound Source\Angry\1157_kz_saf.wav,angry,saf
Sound Source\Angry\1157_kz_sarap.wav,angry,sarap
Sound Source\Angry\1157_kz_sarj.wav,angry,sarj
Sound Source\Angry\1157_kz_satir.wav,angry,satir
Sound Source\Angry\1157_kz_senlik.wav,angry,senlik
Sound Source\Angry\1157_kz_sepet.wav,angry,sepet
Sound Source\Angry\1157_kz_serin.wav,angry,serin
Sound Source\Angry\1157_kz_sevgi.wav,angry,sevgi
Sound Source\Angry\1157_kz_simit.wav,angry,simit
Sound Source\Angry\1157_kz_soba.wav,angry,soba
Sound Source\Angry\1157_kz_sucuk.wav,angry,sucuk
Sound Source\Angry\1157_kz_tahta.wav,angry,tahta
Sound Source\Angry\1157_kz_tembel.wav,angry,tembel
Sound Source\Angry\1157_kz_tirtil.wav,angry,tirtil
Sound Source\Angry\1157_kz_turev.wav,angry,turev
Sound Source\Angry\1157_kz_unlu.wav,angry,unlu
Sound Source\Angry\1157_kz_utanc.wav,angry,utanc
Sound Source\Angry\1157_kz_vurgu.wav,angry,vurgu
Sound Source\Angry\1157_kz_yanki.wav,angry,yanki
Sound Source\Angry\1157_kz_yazim.wav,angry,yazim
Sound Source\Angry\1157_kz_yigilmak.wav,angry,yigilmak
Sound Source\Angry\1157_kz_yigin.wav,angry,yigin
Sound Source\Angry\1157_kz_zeytin.wav,angry,zeytin
Sound Source\Angry\1234_kz_acik.wav,angry,acik
Sound Source\Angry\1234_kz_algi.wav,angry,algi
Sound Source\Angry\1234_kz_beste.wav,angry,beste
Sound Source\Angry\1234_kz_bugu.wav,angry,bugu
Sound Source\Angry\1234_kz_cay.wav,angry,cay
Sound Source\Angry\1234_kz_cekirge.wav,angry,cekirge
Sound Source\Angry\1234_kz_cene.wav,angry,cene
Sound Source\Angry\1234_kz_ceren.wav,angry,ceren
Sound Source\Angry\1234_kz_cilek.wav,angry,cilek
Sound Source\Angry\1234_kz_defne.wav,angry,defne
Sound Source\Angry\1234_kz_demet.wav,angry,demet
Sound Source\Angry\1234_kz_demir.wav,angry,demir
Sound Source\Angry\1234_kz_deve.wav,angry,deve
Sound Source\Angry\1234_kz_deyim.wav,angry,deyim
Sound Source\Angry\1234_kz_dil.wav,angry,dil
Sound Source\Angry\1234_kz_dizge.wav,angry,dizge
Sound Source\Angry\1234_kz_dugun.wav,angry,dugun
Sound Source\Angry\1234_kz_eger.wav,angry,eger
Sound Source\Angry\1234_kz_elmacik.wav,angry,elmacik
Sound Source\Angry\1234_kz_eski.wav,angry,eski
Sound Source\Angry\1234_kz_firildak.wav,angry,firildak
Sound Source\Angry\1234_kz_gezi.wav,angry,gezi
Sound Source\Angry\1234_kz_gicik.wav,angry,gicik
Sound Source\Angry\1234_kz_goz.wav,angry,goz
Sound Source\Angry\1234_kz_gunes.wav,angry,gunes
Sound Source\Angry\1234_kz_gurbuz.wav,angry,gurbuz
Sound Source\Angry\1234_kz_hekim.wav,angry,hekim
Sound Source\Angry\1234_kz_igde.wav,angry,igde
Sound Source\Angry\1234_kz_isirgan.wav,angry,isirgan
Sound Source\Angry\1234_kz_japon.wav,angry,japon
Sound Source\Angry\1234_kz_kagit.wav,angry,kagit
Sound Source\Angry\1234_kz_karton.wav,angry,karton
Sound Source\Angry\1234_kz_kedi.wav,angry,kedi
Sound Source\Angry\1234_kz_kemik.wav,angry,kemik
Sound Source\Angry\1234_kz_kibir.wav,angry,kibir
Sound Source\Angry\1234_kz_kiler.wav,angry,kiler
Sound Source\Angry\1234_kz_kirgin.wav,angry,kirgin
Sound Source\Angry\1234_kz_koku.wav,angry,koku
Sound Source\Angry\1234_kz_konuk.wav,angry,konuk
Sound Source\Angry\1234_kz_koy.wav,angry,koy
Sound Source\Angry\1234_kz_kulac.wav,angry,kulac
Sound Source\Angry\1234_kz_kusluk.wav,angry,kusluk
Sound Source\Angry\1234_kz_kustah.wav,angry,kustah
Sound Source\Angry\1234_kz_lokma.wav,angry,lokma
Sound Source\Angry\1234_kz_lufer.wav,angry,lufer
Sound Source\Angry\1234_kz_melek.wav,angry,melek
Sound Source\Angry\1234_kz_mujde.wav,angry,mujde
Sound Source\Angry\1234_kz_nasil.wav,angry,nasil
Sound Source\Angry\1234_kz_nicin.wav,angry,nicin
Sound Source\Angry\1234_kz_odenek.wav,angry,odenek
Sound Source\Angry\1234_kz_ogul.wav,angry,ogul
Sound Source\Angry\1234_kz_okul.wav,angry,okul
Sound Source\Angry\1234_kz_olcut.wav,angry,olcut
Sound Source\Angry\1234_kz_ordek.wav,angry,ordek
Sound Source\Angry\1234_kz_orgu.wav,angry,orgu
Sound Source\Angry\1234_kz_pamuk.wav,angry,pamuk
Sound Source\Angry\1234_kz_pas.wav,angry,pas
Sound Source\Angry\1234_kz_pihti.wav,angry,pihti
Sound Source\Angry\1234_kz_rihtim.wav,angry,rihtim
Sound Source\Angry\1234_kz_saf.wav,angry,saf
Sound Source\Angry\1234_kz_sarap.wav,angry,sarap
Sound Source\Angry\1234_kz_sarj.wav,angry,sarj
Sound Source\Angry\1234_kz_satir.wav,angry,satir
Sound Source\Angry\1234_kz_senlik.wav,angry,senlik
Sound Source\Angry\1234_kz_sepet.wav,angry,sepet
Sound Source\Angry\1234_kz_serin.wav,angry,serin
Sound Source\Angry\1234_kz_sevgi.wav,angry,sevgi
Sound Source\Angry\1234_kz_simit.wav,angry,simit
Sound Source\Angry\1234_kz_soba.wav,angry,soba
Sound Source\Angry\1234_kz_sucuk.wav,angry,sucuk
Sound Source\Angry\1234_kz_tahta.wav,angry,tahta
Sound Source\Angry\1234_kz_tembel.wav,angry,tembel
Sound Source\Angry\1234_kz_tirtil.wav,angry,tirtil
Sound Source\Angry\1234_kz_turev.wav,angry,turev
Sound Source\Angry\1234_kz_unlu.wav,angry,unlu
Sound Source\Angry\1234_kz_utanc.wav,angry,utanc
Sound Source\Angry\1234_kz_vurgu.wav,angry,vurgu
Sound Source\Angry\1234_kz_yanki.wav,angry,yanki
Sound Source\Angry\1234_kz_yazim.wav,angry,yazim
Sound Source\Angry\1234_kz_yigilmak.wav,angry,yigilmak
Sound Source\Angry\1234_kz_yigin.wav,angry,yigin
Sound Source\Angry\1234_kz_zeytin.wav,angry,zeytin
Sound Source\Angry\1358_kz_acik.wav,angry,acik
Sound Source\Angry\1358_kz_algi.wav,angry,algi
Sound Source\Angry\1358_kz_beste.wav,angry,beste
Sound Source\Angry\1358_kz_bugu.wav,angry,bugu
Sound Source\Angry\1358_kz_cay.wav,angry,cay
Sound Source\Angry\1358_kz_cekirge.wav,angry,cekirge
Sound Source\Angry\1358_kz_cene.wav,angry,cene
Sound Source\Angry\1358_kz_ceren.wav,angry,ceren
Sound Source\Angry\1358_kz_cilek.wav,angry,cilek
Sound Source\Angry\1358_kz_defne.wav,angry,defne
Sound Source\Angry\1358_kz_demet.wav,angry,demet
Sound Source\Angry\1358_kz_demir.wav,angry,demir
Sound Source\Angry\1358_kz_deve.wav,angry,deve
Sound Source\Angry\1358_kz_deyim.wav,angry,deyim
Sound Source\Angry\1358_kz_dil.wav,angry,dil
Sound Source\Angry\1358_kz_dizge.wav,angry,dizge
Sound Source\Angry\1358_kz_dugun.wav,angry,dugun
Sound Source\Angry\1358_kz_eger.wav,angry,eger
Sound Source\Angry\1358_kz_elmacik.wav,angry,elmacik
Sound Source\Angry\1358_kz_eski.wav,angry,eski
Sound Source\Angry\1358_kz_firildak.wav,angry,firildak
Sound Source\Angry\1358_kz_gezi.wav,angry,gezi
Sound Source\Angry\1358_kz_gicik.wav,angry,gicik
Sound Source\Angry\1358_kz_goz.wav,angry,goz
Sound Source\Angry\1358_kz_gunes.wav,angry,gunes
Sound Source\Angry\1358_kz_gurbuz.wav,angry,gurbuz
Sound Source\Angry\1358_kz_hekim.wav,angry,hekim
Sound Source\Angry\1358_kz_igde.wav,angry,igde
Sound Source\Angry\1358_kz_isirgan.wav,angry,isirgan
Sound Source\Angry\1358_kz_japon.wav,angry,japon
Sound Source\Angry\1358_kz_kagit.wav,angry,kagit
Sound Source\Angry\1358_kz_karton.wav,angry,karton
Sound Source\Angry\1358_kz_kedi.wav,angry,kedi
Sound Source\Angry\1358_kz_kemik.wav,angry,kemik
Sound Source\Angry\1358_kz_kibir.wav,angry,kibir
Sound Source\Angry\1358_kz_kiler.wav,angry,kiler
Sound Source\Angry\1358_kz_kirgin.wav,angry,kirgin
Sound Source\Angry\1358_kz_koku.wav,angry,koku
Sound Source\Angry\1358_kz_konuk.wav,angry,konuk
Sound Source\Angry\1358_kz_koy.wav,angry,koy
Sound Source\Angry\1358_kz_kulac.wav,angry,kulac
Sound Source\Angry\1358_kz_kusluk.wav,angry,kusluk
Sound Source\Angry\1358_kz_kustah.wav,angry,kustah
Sound Source\Angry\1358_kz_lokma.wav,angry,lokma
Sound Source\Angry\1358_kz_lufer.wav,angry,lufer
Sound Source\Angry\1358_kz_melek.wav,angry,melek
Sound Source\Angry\1358_kz_mujde.wav,angry,mujde
Sound Source\Angry\1358_kz_nasil.wav,angry,nasil
Sound Source\Angry\1358_kz_nicin.wav,angry,nicin
Sound Source\Angry\1358_kz_odenek.wav,angry,odenek
Sound Source\Angry\1358_kz_ogul.wav,angry,ogul
Sound Source\Angry\1358_kz_okul.wav,angry,okul
Sound Source\Angry\1358_kz_olcut.wav,angry,olcut
Sound Source\Angry\1358_kz_ordek.wav,angry,ordek
Sound Source\Angry\1358_kz_orgu.wav,angry,orgu
Sound Source\Angry\1358_kz_pamuk.wav,angry,pamuk
Sound Source\Angry\1358_kz_pas.wav,angry,pas
Sound Source\Angry\1358_kz_pihti.wav,angry,pihti
Sound Source\Angry\1358_kz_rihtim.wav,angry,rihtim
Sound Source\Angry\1358_kz_saf.wav,angry,saf
Sound Source\Angry\1358_kz_sarap.wav,angry,sarap
Sound Source\Angry\1358_kz_sarj.wav,angry,sarj
Sound Source\Angry\1358_kz_satir.wav,angry,satir
Sound Source\Angry\1358_kz_senlik.wav,angry,senlik
Sound Source\Angry\1358_kz_sepet.wav,angry,sepet
Sound Source\Angry\1358_kz_serin.wav,angry,serin
Sound Source\Angry\1358_kz_sevgi.wav,angry,sevgi
Sound Source\Angry\1358_kz_simit.wav,angry,simit
Sound Source\Angry\1358_kz_soba.wav,angry,soba
Sound Source\Angry\1358_kz_sucuk.wav,angry,sucuk
Sound Source\Angry\1358_kz_tahta.wav,angry,tahta
Sound Source\Angry\1358_kz_tembel.wav,angry,tembel
Sound Source\Angry\1358_kz_tirtil.wav,angry,tirtil
Sound Source\Angry\1358_kz_turev.wav,angry,turev
Sound Source\Angry\1358_kz_unlu.wav,angry,unlu
Sound Source\Angry\1358_kz_utanc.wav,angry,utanc
Sound Source\Angry\1358_kz_vurgu.wav,angry,vurgu
Sound Source\Angry\1358_kz_yanki.wav,angry,yanki
Sound Source\Angry\1358_kz_yazim.wav,angry,yazim
Sound Source\Angry\1358_kz_yigilmak.wav,angry,yigilmak
Sound Source\Angry\1358_kz_yigin.wav,angry,yigin
Sound Source\Angry\1358_kz_zeytin.wav,angry,zeytin
Sound Source\Angry\1984_kz_acik.wav,angry,acik
Sound Source\Angry\1984_kz_algi.wav,angry,algi
Sound Source\Angry\1984_kz_beste.wav,angry,beste
Sound Source\Angry\1984_kz_bugu.wav,angry,bugu
Sound Source\Angry\1984_kz_cay.wav,angry,cay
Sound Source\Angry\1984_kz_cekirge.wav,angry,cekirge
Sound Source\Angry\1984_kz_cene.wav,angry,cene
Sound Source\Angry\1984_kz_ceren.wav,angry,ceren
Sound Source\Angry\1984_kz_cilek.wav,angry,cilek
Sound Source\Angry\1984_kz_defne.wav,angry,defne
Sound Source\Angry\1984_kz_demet.wav,angry,demet
Sound Source\Angry\1984_kz_demir.wav,angry,demir
Sound Source\Angry\1984_kz_deve.wav,angry,deve
Sound Source\Angry\1984_kz_deyim.wav,angry,deyim
Sound Source\Angry\1984_kz_dil.wav,angry,dil
Sound Source\Angry\1984_kz_dizge.wav,angry,dizge
Sound Source\Angry\1984_kz_dugun.wav,angry,dugun
Sound Source\Angry\1984_kz_eger.wav,angry,eger
Sound Source\Angry\1984_kz_elmacik.wav,angry,elmacik
Sound Source\Angry\1984_kz_eski.wav,angry,eski
Sound Source\Angry\1984_kz_firildak.wav,angry,firildak
Sound Source\Angry\1984_kz_gezi.wav,angry,gezi
Sound Source\Angry\1984_kz_gicik.wav,angry,gicik
Sound Source\Angry\1984_kz_goz.wav,angry,goz
Sound Source\Angry\1984_kz_gunes.wav,angry,gunes
Sound Source\Angry\1984_kz_gurbuz.wav,angry,gurbuz
Sound Source\Angry\1984_kz_hekim.wav,angry,hekim
Sound Source\Angry\1984_kz_igde.wav,angry,igde
Sound Source\Angry\1984_kz_isirgan.wav,angry,isirgan
Sound Source\Angry\1984_kz_japon.wav,angry,japon
Sound Source\Angry\1984_kz_kagit.wav,angry,kagit
Sound Source\Angry\1984_kz_karton.wav,angry,karton
Sound Source\Angry\1984_kz_kedi.wav,angry,kedi
Sound Source\Angry\1984_kz_kemik.wav,angry,kemik
Sound Source\Angry\1984_kz_kibir.wav,angry,kibir
Sound Source\Angry\1984_kz_kiler.wav,angry,kiler
Sound Source\Angry\1984_kz_kirgin.wav,angry,kirgin
Sound Source\Angry\1984_kz_koku.wav,angry,koku
Sound Source\Angry\1984_kz_konuk.wav,angry,konuk
Sound Source\Angry\1984_kz_koy.wav,angry,koy
Sound Source\Angry\1984_kz_kulac.wav,angry,kulac
Sound Source\Angry\1984_kz_kusluk.wav,angry,kusluk
Sound Source\Angry\1984_kz_kustah.wav,angry,kustah
Sound Source\Angry\1984_kz_lokma.wav,angry,lokma
Sound Source\Angry\1984_kz_lufer.wav,angry,lufer
Sound Source\Angry\1984_kz_melek.wav,angry,melek
Sound Source\Angry\1984_kz_mujde.wav,angry,mujde
Sound Source\Angry\1984_kz_nasil.wav,angry,nasil
Sound Source\Angry\1984_kz_nicin.wav,angry,nicin
Sound Source\Angry\1984_kz_odenek.wav,angry,odenek
Sound Source\Angry\1984_kz_ogul.wav,angry,ogul
Sound Source\Angry\1984_kz_okul.wav,angry,okul
Sound Source\Angry\1984_kz_olcut.wav,angry,olcut
Sound Source\Angry\1984_kz_ordek.wav,angry,ordek
Sound Source\Angry\1984_kz_orgu.wav,angry,orgu
Sound Source\Angry\1984_kz_pamuk.wav,angry,pamuk
Sound Source\Angry\1984_kz_pas.wav,angry,pas
Sound Source\Angry\1984_kz_pihti.wav,angry,pihti
Sound Source\Angry\1984_kz_rihtim.wav,angry,rihtim
Sound Source\Angry\1984_kz_saf.wav,angry,saf
Sound Source\Angry\1984_kz_sarap.wav,angry,sarap
Sound Source\Angry\1984_kz_sarj.wav,angry,sarj
Sound Source\Angry\1984_kz_satir.wav,angry,satir
Sound Source\Angry\1984_kz_senlik.wav,angry,senlik
Sound Source\Angry\1984_kz_sepet.wav,angry,sepet
Sound Source\Angry\1984_kz_serin.wav,angry,serin
Sound Source\Angry\1984_kz_sevgi.wav,angry,sevgi
Sound Source\Angry\1984_kz_simit.wav,angry,simit
Sound Source\Angry\1984_kz_soba.wav,angry,soba
Sound Source\Angry\1984_kz_sucuk.wav,angry,sucuk
Sound Source\Angry\1984_kz_tahta.wav,angry,tahta
Sound Source\Angry\1984_kz_tembel.wav,angry,tembel
Sound Source\Angry\1984_kz_tirtil.wav,angry,tirtil
Sound Source\Angry\1984_kz_turev.wav,angry,turev
Sound Source\Angry\1984_kz_unlu.wav,angry,unlu
Sound Source\Angry\1984_kz_utanc.wav,angry,utanc
Sound Source\Angry\1984_kz_vurgu.wav,angry,vurgu
Sound Source\Angry\1984_kz_yanki.wav,angry,yanki
Sound Source\Angry\1984_kz_yazim.wav,angry,yazim
Sound Source\Angry\1984_kz_yigilmak.wav,angry,yigilmak
Sound Source\Angry\1984_kz_yigin.wav,angry,yigin
Sound Source\Angry\1984_kz_zeytin.wav,angry,zeytin
Sound Source\Angry\6783_kz_acik.wav,angry,acik
Sound Source\Angry\6783_kz_algi.wav,angry,algi
Sound Source\Angry\6783_kz_beste.wav,angry,beste
Sound Source\Angry\6783_kz_bugu.wav,angry,bugu
Sound Source\Angry\6783_kz_cay.wav,angry,cay
Sound Source\Angry\6783_kz_cekirge.wav,angry,cekirge
Sound Source\Angry\6783_kz_cene.wav,angry,cene
Sound Source\Angry\6783_kz_ceren.wav,angry,ceren
Sound Source\Angry\6783_kz_cilek.wav,angry,cilek
Sound Source\Angry\6783_kz_defne.wav,angry,defne
Sound Source\Angry\6783_kz_demet.wav,angry,demet
Sound Source\Angry\6783_kz_demir.wav,angry,demir
Sound Source\Angry\6783_kz_deve.wav,angry,deve
Sound Source\Angry\6783_kz_deyim.wav,angry,deyim
Sound Source\Angry\6783_kz_dil.wav,angry,dil
Sound Source\Angry\6783_kz_dizge.wav,angry,dizge
Sound Source\Angry\6783_kz_dugun.wav,angry,dugun
Sound Source\Angry\6783_kz_eger.wav,angry,eger
Sound Source\Angry\6783_kz_elmacik.wav,angry,elmacik
Sound Source\Angry\6783_kz_eski.wav,angry,eski
Sound Source\Angry\6783_kz_firildak.wav,angry,firildak
Sound Source\Angry\6783_kz_gezi.wav,angry,gezi
Sound Source\Angry\6783_kz_gicik.wav,angry,gicik
Sound Source\Angry\6783_kz_goz.wav,angry,goz
Sound Source\Angry\6783_kz_gunes.wav,angry,gunes
Sound Source\Angry\6783_kz_gurbuz.wav,angry,gurbuz
Sound Source\Angry\6783_kz_hekim.wav,angry,hekim
Sound Source\Angry\6783_kz_igde.wav,angry,igde
Sound Source\Angry\6783_kz_isirgan.wav,angry,isirgan
Sound Source\Angry\6783_kz_japon.wav,angry,japon
Sound Source\Angry\6783_kz_kagit.wav,angry,kagit
Sound Source\Angry\6783_kz_karton.wav,angry,karton
Sound Source\Angry\6783_kz_kedi.wav,angry,kedi
Sound Source\Angry\6783_kz_kemik.wav,angry,kemik
Sound Source\Angry\6783_kz_kibir.wav,angry,kibir
Sound Source\Angry\6783_kz_kiler.wav,angry,kiler
Sound Source\Angry\6783_kz_kirgin.wav,angry,kirgin
Sound Source\Angry\6783_kz_koku.wav,angry,koku
Sound Source\Angry\6783_kz_konuk.wav,angry,konuk
Sound Source\Angry\6783_kz_koy.wav,angry,koy
Sound Source\Angry\6783_kz_kulac.wav,angry,kulac
Sound Source\Angry\6783_kz_kusluk.wav,angry,kusluk
Sound Source\Angry\6783_kz_kustah.wav,angry,kustah
Sound Source\Angry\6783_kz_lokma.wav,angry,lokma
Sound Source\Angry\6783_kz_lufer.wav,angry,lufer
Sound Source\Angry\6783_kz_melek.wav,angry,melek
Sound Source\Angry\6783_kz_mujde.wav,angry,mujde
Sound Source\Angry\6783_kz_nasil.wav,angry,nasil
Sound Source\Angry\6783_kz_nicin.wav,angry,nicin
Sound Source\Angry\6783_kz_odenek.wav,angry,odenek
Sound Source\Angry\6783_kz_ogul.wav,angry,ogul
Sound Source\Angry\6783_kz_okul.wav,angry,okul
Sound Source\Angry\6783_kz_olcut.wav,angry,olcut
Sound Source\Angry\6783_kz_ordek.wav,angry,ordek
Sound Source\Angry\6783_kz_orgu.wav,angry,orgu
Sound Source\Angry\6783_kz_pamuk.wav,angry,pamuk
Sound Source\Angry\6783_kz_pas.wav,angry,pas
Sound Source\Angry\6783_kz_pihti.wav,angry,pihti
Sound Source\Angry\6783_kz_rihtim.wav,angry,rihtim
Sound Source\Angry\6783_kz_saf.wav,angry,saf
Sound Source\Angry\6783_kz_sarap.wav,angry,sarap
Sound Source\Angry\6783_kz_sarj.wav,angry,sarj
Sound Source\Angry\6783_kz_satir.wav,angry,satir
Sound Source\Angry\6783_kz_senlik.wav,angry,senlik
Sound Source\Angry\6783_kz_sepet.wav,angry,sepet
Sound Source\Angry\6783_kz_serin.wav,angry,serin
Sound Source\Angry\6783_kz_sevgi.wav,angry,sevgi
Sound Source\Angry\6783_kz_simit.wav,angry,simit
Sound Source\Angry\6783_kz_soba.wav,angry,soba
Sound Source\Angry\6783_kz_sucuk.wav,angry,sucuk
Sound Source\Angry\6783_kz_tahta.wav,angry,tahta
Sound Source\Angry\6783_kz_tembel.wav,angry,tembel
Sound Source\Angry\6783_kz_tirtil.wav,angry,tirtil
Sound Source\Angry\6783_kz_turev.wav,angry,turev
Sound Source\Angry\6783_kz_unlu.wav,angry,unlu
Sound Source\Angry\6783_kz_utanc.wav,angry,utanc
Sound Source\Angry\6783_kz_vurgu.wav,angry,vurgu
Sound Source\Angry\6783_kz_yanki.wav,angry,yanki
Sound Source\Angry\6783_kz_yazim.wav,angry,yazim
Sound Source\Angry\6783_kz_yigilmak.wav,angry,yigilmak
Sound Source\Angry\6783_kz_yigin.wav,angry,yigin
Sound Source\Angry\6783_kz_zeytin.wav,angry,zeytin
Sound Source\Angry\7895_kz_acik.wav,angry,acik
Sound Source\Angry\7895_kz_algi.wav,angry,algi
Sound Source\Angry\7895_kz_beste.wav,angry,beste
Sound Source\Angry\7895_kz_bugu.wav,angry,bugu
Sound Source\Angry\7895_kz_cay.wav,angry,cay
Sound Source\Angry\7895_kz_cekirge.wav,angry,cekirge
Sound Source\Angry\7895_kz_cene.wav,angry,cene
Sound Source\Angry\7895_kz_ceren.wav,angry,ceren
Sound Source\Angry\7895_kz_cilek.wav,angry,cilek
Sound Source\Angry\7895_kz_defne.wav,angry,defne
Sound Source\Angry\7895_kz_demet.wav,angry,demet
Sound Source\Angry\7895_kz_demir.wav,angry,demir
Sound Source\Angry\7895_kz_deve.wav,angry,deve
Sound Source\Angry\7895_kz_deyim.wav,angry,deyim
Sound Source\Angry\7895_kz_dil.wav,angry,dil
Sound Source\Angry\7895_kz_dizge.wav,angry,dizge
Sound Source\Angry\7895_kz_dugun.wav,angry,dugun
Sound Source\Angry\7895_kz_eger.wav,angry,eger
Sound Source\Angry\7895_kz_elmacik.wav,angry,elmacik
Sound Source\Angry\7895_kz_eski.wav,angry,eski
Sound Source\Angry\7895_kz_firildak.wav,angry,firildak
Sound Source\Angry\7895_kz_gezi.wav,angry,gezi
Sound Source\Angry\7895_kz_gicik.wav,angry,gicik
Sound Source\Angry\7895_kz_goz.wav,angry,goz
Sound Source\Angry\7895_kz_gunes.wav,angry,gunes
Sound Source\Angry\7895_kz_gurbuz.wav,angry,gurbuz
Sound Source\Angry\7895_kz_hekim.wav,angry,hekim
Sound Source\Angry\7895_kz_igde.wav,angry,igde
Sound Source\Angry\7895_kz_isirgan.wav,angry,isirgan
Sound Source\Angry\7895_kz_japon.wav,angry,japon
Sound Source\Angry\7895_kz_kagit.wav,angry,kagit
Sound Source\Angry\7895_kz_karton.wav,angry,karton
Sound Source\Angry\7895_kz_kedi.wav,angry,kedi
Sound Source\Angry\7895_kz_kemik.wav,angry,kemik
Sound Source\Angry\7895_kz_kibir.wav,angry,kibir
Sound Source\Angry\7895_kz_kiler.wav,angry,kiler
Sound Source\Angry\7895_kz_kirgin.wav,angry,kirgin
Sound Source\Angry\7895_kz_koku.wav,angry,koku
Sound Source\Angry\7895_kz_konuk.wav,angry,konuk
Sound Source\Angry\7895_kz_koy.wav,angry,koy
Sound Source\Angry\7895_kz_kulac.wav,angry,kulac
Sound Source\Angry\7895_kz_kusluk.wav,angry,kusluk
Sound Source\Angry\7895_kz_kustah.wav,angry,kustah
Sound Source\Angry\7895_kz_lokma.wav,angry,lokma
Sound Source\Angry\7895_kz_lufer.wav,angry,lufer
Sound Source\Angry\7895_kz_melek.wav,angry,melek
Sound Source\Angry\7895_kz_mujde.wav,angry,mujde
Sound Source\Angry\7895_kz_nasil.wav,angry,nasil
Sound Source\Angry\7895_kz_nicin.wav,angry,nicin
Sound Source\Angry\7895_kz_odenek.wav,angry,odenek
Sound Source\Angry\7895_kz_ogul.wav,angry,ogul
Sound Source\Angry\7895_kz_okul.wav,angry,okul
Sound Source\Angry\7895_kz_olcut.wav,angry,olcut
Sound Source\Angry\7895_kz_ordek.wav,angry,ordek
Sound Source\Angry\7895_kz_orgu.wav,angry,orgu
Sound Source\Angry\7895_kz_pamuk.wav,angry,pamuk
Sound Source\Angry\7895_kz_pas.wav,angry,pas
Sound Source\Angry\7895_kz_pihti.wav,angry,pihti
Sound Source\Angry\7895_kz_rihtim.wav,angry,rihtim
Sound Source\Angry\7895_kz_saf.wav,angry,saf
Sound Source\Angry\7895_kz_sarap.wav,angry,sarap
Sound Source\Angry\7895_kz_sarj.wav,angry,sarj
Sound Source\Angry\7895_kz_satir.wav,angry,satir
Sound Source\Angry\7895_kz_senlik.wav,angry,senlik
Sound Source\Angry\7895_kz_sepet.wav,angry,sepet
Sound Source\Angry\7895_kz_serin.wav,angry,serin
Sound Source\Angry\7895_kz_sevgi.wav,angry,sevgi
Sound Source\Angry\7895_kz_simit.wav,angry,simit
Sound Source\Angry\7895_kz_soba.wav,angry,soba
Sound Source\Angry\7895_kz_sucuk.wav,angry,sucuk
Sound Source\Angry\7895_kz_tahta.wav,angry,tahta
Sound Source\Angry\7895_kz_tembel.wav,angry,tembel
Sound Source\Angry\7895_kz_tirtil.wav,angry,tirtil
Sound Source\Angry\7895_kz_turev.wav,angry,turev
Sound Source\Angry\7895_kz_unlu.wav,angry,unlu
Sound Source\Angry\7895_kz_utanc.wav,angry,utanc
Sound Source\Angry\7895_kz_vurgu.wav,angry,vurgu
Sound Source\Angry\7895_kz_yanki.wav,angry,yanki
Sound Source\Angry\7895_kz_yazim.wav,angry,yazim
Sound Source\Angry\7895_kz_yigilmak.wav,angry,yigilmak
Sound Source\Angry\7895_kz_yigin.wav,angry,yigin
Sound Source\Angry\7895_kz_zeytin.wav,angry,zeytin
Sound Source\Calm\1234_sk_acik.wav,calm,acik
Sound Source\Calm\1234_sk_algi.wav,calm,algi
Sound Source\Calm\1234_sk_beste.wav,calm,beste
Sound Source\Calm\1234_sk_bugu.wav,calm,bugu
Sound Source\Calm\1234_sk_cay.wav,calm,cay
Sound Source\Calm\1234_sk_cekirge.wav,calm,cekirge
Sound Source\Calm\1234_sk_cene.wav,calm,cene
Sound Source\Calm\1234_sk_ceren.wav,calm,ceren
Sound Source\Calm\1234_sk_cilek.wav,calm,cilek
Sound Source\Calm\1234_sk_defne.wav,calm,defne
Sound Source\Calm\1234_sk_demet.wav,calm,demet
Sound Source\Calm\1234_sk_demir.wav,calm,demir
Sound Source\Calm\1234_sk_deve.wav,calm,deve
Sound Source\Calm\1234_sk_deyim.wav,calm,deyim
Sound Source\Calm\1234_sk_dil.wav,calm,dil
Sound Source\Calm\1234_sk_dizge.wav,calm,dizge
Sound Source\Calm\1234_sk_dugun.wav,calm,dugun
Sound Source\Calm\1234_sk_eger.wav,calm,eger
Sound Source\Calm\1234_sk_elmacik.wav,calm,elmacik
Sound Source\Calm\1234_sk_eski.wav,calm,eski
Sound Source\Calm\1234_sk_firildak.wav,calm,firildak
Sound Source\Calm\1234_sk_gezi.wav,calm,gezi
Sound Source\Calm\1234_sk_gicik.wav,calm,gicik
Sound Source\Calm\1234_sk_goz.wav,calm,goz
Sound Source\Calm\1234_sk_gunes.wav,calm,gunes
Sound Source\Calm\1234_sk_gurbuz.wav,calm,gurbuz
Sound Source\Calm\1234_sk_hekim.wav,calm,hekim
Sound Source\Calm\1234_sk_igde.wav,calm,igde
Sound Source\Calm\1234_sk_isirgan.wav,calm,isirgan
Sound Source\Calm\1234_sk_japon.wav,calm,japon
Sound Source\Calm\1234_sk_kagit.wav,calm,kagit
Sound Source\Calm\1234_sk_karton.wav,calm,karton
Sound Source\Calm\1234_sk_kedi.wav,calm,kedi
Sound Source\Calm\1234_sk_kemik.wav,calm,kemik
Sound Source\Calm\1234_sk_kibir.wav,calm,kibir
Sound Source\Calm\1234_sk_kiler.wav,calm,kiler
Sound Source\Calm\1234_sk_kirgin.wav,calm,kirgin
Sound Source\Calm\1234_sk_koku.wav,calm,koku
Sound Source\Calm\1234_sk_konuk.wav,calm,konuk
Sound Source\Calm\1234_sk_koy.wav,calm,koy
Sound Source\Calm\1234_sk_kulac.wav,calm,kulac
Sound Source\Calm\1234_sk_kusluk.wav,calm,kusluk
Sound Source\Calm\1234_sk_kustah.wav,calm,kustah
Sound Source\Calm\1234_sk_lokma.wav,calm,lokma
Sound Source\Calm\1234_sk_lufer.wav,calm,lufer
Sound Source\Calm\1234_sk_melek.wav,calm,melek
Sound Source\Calm\1234_sk_mujde.wav,calm,mujde
Sound Source\Calm\1234_sk_nasil.wav,calm,nasil
Sound Source\Calm\1234_sk_nicin.wav,calm,nicin
Sound Source\Calm\1234_sk_odenek.wav,calm,odenek
Sound Source\Calm\1234_sk_ogul.wav,calm,ogul
Sound Source\Calm\1234_sk_okul.wav,calm,okul
Sound Source\Calm\1234_sk_olcut.wav,calm,olcut
Sound Source\Calm\1234_sk_ordek.wav,calm,ordek
Sound Source\Calm\1234_sk_orgu.wav,calm,orgu
Sound Source\Calm\1234_sk_pamuk.wav,calm,pamuk
Sound Source\Calm\1234_sk_pas.wav,calm,pas
Sound Source\Calm\1234_sk_pihti.wav,calm,pihti
Sound Source\Calm\1234_sk_rihtim.wav,calm,rihtim
Sound Source\Calm\1234_sk_saf.wav,calm,saf
Sound Source\Calm\1234_sk_sarap.wav,calm,sarap
Sound Source\Calm\1234_sk_sarj.wav,calm,sarj
Sound Source\Calm\1234_sk_satir.wav,calm,satir
Sound Source\Calm\1234_sk_senlik.wav,calm,senlik
Sound Source\Calm\1234_sk_sepet.wav,calm,sepet
Sound Source\Calm\1234_sk_serin.wav,calm,serin
Sound Source\Calm\1234_sk_sevgi.wav,calm,sevgi
Sound Source\Calm\1234_sk_simit.wav,calm,simit
Sound Source\Calm\1234_sk_soba.wav,calm,soba
Sound Source\Calm\1234_sk_sucuk.wav,calm,sucuk
Sound Source\Calm\1234_sk_tahta.wav,calm,tahta
Sound Source\Calm\1234_sk_tembel.wav,calm,tembel
Sound Source\Calm\1234_sk_tirtil.wav,calm,tirtil
Sound Source\Calm\1234_sk_turev.wav,calm,turev
Sound Source\Calm\1234_sk_unlu.wav,calm,unlu
Sound Source\Calm\1234_sk_utanc.wav,calm,utanc
Sound Source\Calm\1234_sk_vurgu.wav,calm,vurgu
Sound Source\Calm\1234_sk_yanki.wav,calm,yanki
Sound Source\Calm\1234_sk_yazim.wav,calm,yazim
Sound Source\Calm\1234_sk_yigilmak.wav,calm,yigilmak
Sound Source\Calm\1234_sk_yigin.wav,calm,yigin
Sound Source\Calm\1234_sk_zeytin.wav,calm,zeytin
Sound Source\Calm\1358_sk_acik.wav,calm,acik
Sound Source\Calm\1358_sk_algi.wav,calm,algi
Sound Source\Calm\1358_sk_beste.wav,calm,beste
Sound Source\Calm\1358_sk_bugu.wav,calm,bugu
Sound Source\Calm\1358_sk_cay.wav,calm,cay
Sound Source\Calm\1358_sk_cekirge.wav,calm,cekirge
Sound Source\Calm\1358_sk_cene.wav,calm,cene
Sound Source\Calm\1358_sk_ceren.wav,calm,ceren
Sound Source\Calm\1358_sk_cilek.wav,calm,cilek
Sound Source\Calm\1358_sk_defne.wav,calm,defne
Sound Source\Calm\1358_sk_demet.wav,calm,demet
Sound Source\Calm\1358_sk_demir.wav,calm,demir
Sound Source\Calm\1358_sk_deve.wav,calm,deve
Sound Source\Calm\1358_sk_deyim.wav,calm,deyim
Sound Source\Calm\1358_sk_dil.wav,calm,dil
Sound Source\Calm\1358_sk_dizge.wav,calm,dizge
Sound Source\Calm\1358_sk_dugun.wav,calm,dugun
Sound Source\Calm\1358_sk_eger.wav,calm,eger
Sound Source\Calm\1358_sk_elmacik.wav,calm,elmacik
Sound Source\Calm\1358_sk_eski.wav,calm,eski
Sound Source\Calm\1358_sk_firildak.wav,calm,firildak
Sound Source\Calm\1358_sk_gezi.wav,calm,gezi
Sound Source\Calm\1358_sk_gicik.wav,calm,gicik
Sound Source\Calm\1358_sk_goz.wav,calm,goz
Sound Source\Calm\1358_sk_gunes.wav,calm,gunes
Sound Source\Calm\1358_sk_gurbuz.wav,calm,gurbuz
Sound Source\Calm\1358_sk_hekim.wav,calm,hekim
Sound Source\Calm\1358_sk_igde.wav,calm,igde
Sound Source\Calm\1358_sk_isirgan.wav,calm,isirgan
Sound Source\Calm\1358_sk_japon.wav,calm,japon
Sound Source\Calm\1358_sk_kagit.wav,calm,kagit
Sound Source\Calm\1358_sk_karton.wav,calm,karton
Sound Source\Calm\1358_sk_kedi.wav,calm,kedi
Sound Source\Calm\1358_sk_kemik.wav,calm,kemik
Sound Source\Calm\1358_sk_kibir.wav,calm,kibir
Sound Source\Calm\1358_sk_kiler.wav,calm,kiler
Sound Source\Calm\1358_sk_kirgin.wav,calm,kirgin
Sound Source\Calm\1358_sk_koku.wav,calm,koku
Sound Source\Calm\1358_sk_konuk.wav,calm,konuk
Sound Source\Calm\1358_sk_koy.wav,calm,koy
Sound Source\Calm\1358_sk_kulac.wav,calm,kulac
Sound Source\Calm\1358_sk_kusluk.wav,calm,kusluk
Sound Source\Calm\1358_sk_kustah.wav,calm,kustah
Sound Source\Calm\1358_sk_lokma.wav,calm,lokma
Sound Source\Calm\1358_sk_lufer.wav,calm,lufer
Sound Source\Calm\1358_sk_melek.wav,calm,melek
Sound Source\Calm\1358_sk_mujde.wav,calm,mujde
Sound Source\Calm\1358_sk_nasil.wav,calm,nasil
Sound Source\Calm\1358_sk_nicin.wav,calm,nicin
Sound Source\Calm\1358_sk_odenek.wav,calm,odenek
Sound Source\Calm\1358_sk_ogul.wav,calm,ogul
Sound Source\Calm\1358_sk_okul.wav,calm,okul
Sound Source\Calm\1358_sk_olcut.wav,calm,olcut
Sound Source\Calm\1358_sk_ordek.wav,calm,ordek
Sound Source\Calm\1358_sk_orgu.wav,calm,orgu
Sound Source\Calm\1358_sk_pamuk.wav,calm,pamuk
Sound Source\Calm\1358_sk_pas.wav,calm,pas
Sound Source\Calm\1358_sk_pihti.wav,calm,pihti
Sound Source\Calm\1358_sk_rihtim.wav,calm,rihtim
Sound Source\Calm\1358_sk_saf.wav,calm,saf
Sound Source\Calm\1358_sk_sarap.wav,calm,sarap
Sound Source\Calm\1358_sk_sarj.wav,calm,sarj
Sound Source\Calm\1358_sk_satir.wav,calm,satir
Sound Source\Calm\1358_sk_senlik.wav,calm,senlik
Sound Source\Calm\1358_sk_sepet.wav,calm,sepet
Sound Source\Calm\1358_sk_serin.wav,calm,serin
Sound Source\Calm\1358_sk_sevgi.wav,calm,sevgi
Sound Source\Calm\1358_sk_simit.wav,calm,simit
Sound Source\Calm\1358_sk_soba.wav,calm,soba
Sound Source\Calm\1358_sk_sucuk.wav,calm,sucuk
Sound Source\Calm\1358_sk_tahta.wav,calm,tahta
Sound Source\Calm\1358_sk_tembel.wav,calm,tembel
Sound Source\Calm\1358_sk_tirtil.wav,calm,tirtil
Sound Source\Calm\1358_sk_turev.wav,calm,turev
Sound Source\Calm\1358_sk_unlu.wav,calm,unlu
Sound Source\Calm\1358_sk_utanc.wav,calm,utanc
Sound Source\Calm\1358_sk_vurgu.wav,calm,vurgu
Sound Source\Calm\1358_sk_yanki.wav,calm,yanki
Sound Source\Calm\1358_sk_yazim.wav,calm,yazim
Sound Source\Calm\1358_sk_yigilmak.wav,calm,yigilmak
Sound Source\Calm\1358_sk_yigin.wav,calm,yigin
Sound Source\Calm\1358_sk_zeytin.wav,calm,zeytin
Sound Source\Calm\1984_sk_acik.wav,calm,acik
Sound Source\Calm\1984_sk_algi.wav,calm,algi
Sound Source\Calm\1984_sk_beste.wav,calm,beste
Sound Source\Calm\1984_sk_bugu.wav,calm,bugu
Sound Source\Calm\1984_sk_cay.wav,calm,cay
Sound Source\Calm\1984_sk_cekirge.wav,calm,cekirge
Sound Source\Calm\1984_sk_cene.wav,calm,cene
Sound Source\Calm\1984_sk_ceren.wav,calm,ceren
Sound Source\Calm\1984_sk_cilek.wav,calm,cilek
Sound Source\Calm\1984_sk_defne.wav,calm,defne
Sound Source\Calm\1984_sk_demet.wav,calm,demet
Sound Source\Calm\1984_sk_demir.wav,calm,demir
Sound Source\Calm\1984_sk_deve.wav,calm,deve
Sound Source\Calm\1984_sk_deyim.wav,calm,deyim
Sound Source\Calm\1984_sk_dil.wav,calm,dil
Sound Source\Calm\1984_sk_dizge.wav,calm,dizge
Sound Source\Calm\1984_sk_dugun.wav,calm,dugun
Sound Source\Calm\1984_sk_eger.wav,calm,eger
Sound Source\Calm\1984_sk_elmacik.wav,calm,elmacik
Sound Source\Calm\1984_sk_eski.wav,calm,eski
Sound Source\Calm\1984_sk_firildak.wav,calm,firildak
Sound Source\Calm\1984_sk_gezi.wav,calm,gezi
Sound Source\Calm\1984_sk_gicik.wav,calm,gicik
Sound Source\Calm\1984_sk_goz.wav,calm,goz
Sound Source\Calm\1984_sk_gunes.wav,calm,gunes
Sound Source\Calm\1984_sk_gurbuz.wav,calm,gurbuz
Sound Source\Calm\1984_sk_hekim.wav,calm,hekim
Sound Source\Calm\1984_sk_igde.wav,calm,igde
Sound Source\Calm\1984_sk_isirgan.wav,calm,isirgan
Sound Source\Calm\1984_sk_japon.wav,calm,japon
Sound Source\Calm\1984_sk_kagit.wav,calm,kagit
Sound Source\Calm\1984_sk_karton.wav,calm,karton
Sound Source\Calm\1984_sk_kedi.wav,calm,kedi
Sound Source\Calm\1984_sk_kemik.wav,calm,kemik
Sound Source\Calm\1984_sk_kibir.wav,calm,kibir
Sound Source\Calm\1984_sk_kiler.wav,calm,kiler
Sound Source\Calm\1984_sk_kirgin.wav,calm,kirgin
Sound Source\Calm\1984_sk_koku.wav,calm,koku
Sound Source\Calm\1984_sk_konuk.wav,calm,konuk
Sound Source\Calm\1984_sk_koy.wav,calm,koy
Sound Source\Calm\1984_sk_kulac.wav,calm,kulac
Sound Source\Calm\1984_sk_kusluk.wav,calm,kusluk
Sound Source\Calm\1984_sk_kustah.wav,calm,kustah
Sound Source\Calm\1984_sk_lokma.wav,calm,lokma
Sound Source\Calm\1984_sk_lufer.wav,calm,lufer
Sound Source\Calm\1984_sk_melek.wav,calm,melek
Sound Source\Calm\1984_sk_mujde.wav,calm,mujde
Sound Source\Calm\1984_sk_nasil.wav,calm,nasil
Sound Source\Calm\1984_sk_nicin.wav,calm,nicin
Sound Source\Calm\1984_sk_odenek.wav,calm,odenek
Sound Source\Calm\1984_sk_ogul.wav,calm,ogul
Sound Source\Calm\1984_sk_okul.wav,calm,okul
Sound Source\Calm\1984_sk_olcut.wav,calm,olcut
Sound Source\Calm\1984_sk_ordek.wav,calm,ordek
Sound Source\Calm\1984_sk_orgu.wav,calm,orgu
Sound Source\Calm\1984_sk_pamuk.wav,calm,pamuk
Sound Source\Calm\1984_sk_pas.wav,calm,pas
Sound Source\Calm\1984_sk_pihti.wav,calm,pihti
Sound Source\Calm\1984_sk_rihtim.wav,calm,rihtim
Sound Source\Calm\1984_sk_saf.wav,calm,saf
Sound Source\Calm\1984_sk_sarap.wav,calm,sarap
Sound Source\Calm\1984_sk_sarj.wav,calm,sarj
Sound Source\Calm\1984_sk_satir.wav,calm,satir
Sound Source\Calm\1984_sk_senlik.wav,calm,senlik
Sound Source\Calm\1984_sk_sepet.wav,calm,sepet
Sound Source\Calm\1984_sk_serin.wav,calm,serin
Sound Source\Calm\1984_sk_sevgi.wav,calm,sevgi
Sound Source\Calm\1984_sk_simit.wav,calm,simit
Sound Source\Calm\1984_sk_soba.wav,calm,soba
Sound Source\Calm\1984_sk_sucuk.wav,calm,sucuk
Sound Source\Calm\1984_sk_tahta.wav,calm,tahta
Sound Source\Calm\1984_sk_tembel.wav,calm,tembel
Sound Source\Calm\1984_sk_tirtil.wav,calm,tirtil
Sound Source\Calm\1984_sk_turev.wav,calm,turev
Sound Source\Calm\1984_sk_unlu.wav,calm,unlu
Sound Source\Calm\1984_sk_utanc.wav,calm,utanc
Sound Source\Calm\1984_sk_vurgu.wav,calm,vurgu
Sound Source\Calm\1984_sk_yanki.wav,calm,yanki
Sound Source\Calm\1984_sk_yazim.wav,calm,yazim
Sound Source\Calm\1984_sk_yigilmak.wav,calm,yigilmak
Sound Source\Calm\1984_sk_yigin.wav,calm,yigin
Sound Source\Calm\1984_sk_zeytin.wav,calm,zeytin
Sound Source\Calm\6783_sk_acik.wav,calm,acik
Sound Source\Calm\6783_sk_algi.wav,calm,algi
Sound Source\Calm\6783_sk_beste.wav,calm,beste
Sound Source\Calm\6783_sk_bugu.wav,calm,bugu
Sound Source\Calm\6783_sk_cay.wav,calm,cay
Sound Source\Calm\6783_sk_cekirge.wav,calm,cekirge
Sound Source\Calm\6783_sk_cene.wav,calm,cene
Sound Source\Calm\6783_sk_ceren.wav,calm,ceren
Sound Source\Calm\6783_sk_cilek.wav,calm,cilek
Sound Source\Calm\6783_sk_defne.wav,calm,defne
Sound Source\Calm\6783_sk_demet.wav,calm,demet
Sound Source\Calm\6783_sk_demir.wav,calm,demir
Sound Source\Calm\6783_sk_deve.wav,calm,deve
Sound Source\Calm\6783_sk_deyim.wav,calm,deyim
Sound Source\Calm\6783_sk_dil.wav,calm,dil
Sound Source\Calm\6783_sk_dizge.wav,calm,dizge
Sound Source\Calm\6783_sk_dugun.wav,calm,dugun
Sound Source\Calm\6783_sk_eger.wav,calm,eger
Sound Source\Calm\6783_sk_elmacik.wav,calm,elmacik
Sound Source\Calm\6783_sk_eski.wav,calm,eski
Sound Source\Calm\6783_sk_firildak.wav,calm,firildak
Sound Source\Calm\6783_sk_gezi.wav,calm,gezi
Sound Source\Calm\6783_sk_gicik.wav,calm,gicik
Sound Source\Calm\6783_sk_goz.wav,calm,goz
Sound Source\Calm\6783_sk_gunes.wav,calm,gunes
Sound Source\Calm\6783_sk_gurbuz.wav,calm,gurbuz
Sound Source\Calm\6783_sk_hekim.wav,calm,hekim
Sound Source\Calm\6783_sk_igde.wav,calm,igde
Sound Source\Calm\6783_sk_isirgan.wav,calm,isirgan
Sound Source\Calm\6783_sk_japon.wav,calm,japon
Sound Source\Calm\6783_sk_kagit.wav,calm,kagit
Sound Source\Calm\6783_sk_karton.wav,calm,karton
Sound Source\Calm\6783_sk_kedi.wav,calm,kedi
Sound Source\Calm\6783_sk_kemik.wav,calm,kemik
Sound Source\Calm\6783_sk_kibir.wav,calm,kibir
Sound Source\Calm\6783_sk_kiler.wav,calm,kiler
Sound Source\Calm\6783_sk_kirgin.wav,calm,kirgin
Sound Source\Calm\6783_sk_koku.wav,calm,koku
Sound Source\Calm\6783_sk_konuk.wav,calm,konuk
Sound Source\Calm\6783_sk_koy.wav,calm,koy
Sound Source\Calm\6783_sk_kulac.wav,calm,kulac
Sound Source\Calm\6783_sk_kusluk.wav,calm,kusluk
Sound Source\Calm\6783_sk_kustah.wav,calm,kustah
Sound Source\Calm\6783_sk_lokma.wav,calm,lokma
Sound Source\Calm\6783_sk_lufer.wav,calm,lufer
Sound Source\Calm\6783_sk_melek.wav,calm,melek
Sound Source\Calm\6783_sk_mujde.wav,calm,mujde
Sound Source\Calm\6783_sk_nasil.wav,calm,nasil
Sound Source\Calm\6783_sk_nicin.wav,calm,nicin
Sound Source\Calm\6783_sk_odenek.wav,calm,odenek
Sound Source\Calm\6783_sk_ogul.wav,calm,ogul
Sound Source\Calm\6783_sk_okul.wav,calm,okul
Sound Source\Calm\6783_sk_olcut.wav,calm,olcut
Sound Source\Calm\6783_sk_ordek.wav,calm,ordek
Sound Source\Calm\6783_sk_orgu.wav,calm,orgu
Sound Source\Calm\6783_sk_pamuk.wav,calm,pamuk
Sound Source\Calm\6783_sk_pas.wav,calm,pas
Sound Source\Calm\6783_sk_pihti.wav,calm,pihti
Sound Source\Calm\6783_sk_rihtim.wav,calm,rihtim
Sound Source\Calm\6783_sk_saf.wav,calm,saf
Sound Source\Calm\6783_sk_sarap.wav,calm,sarap
Sound Source\Calm\6783_sk_sarj.wav,calm,sarj
Sound Source\Calm\6783_sk_satir.wav,calm,satir
Sound Source\Calm\6783_sk_senlik.wav,calm,senlik
Sound Source\Calm\6783_sk_sepet.wav,calm,sepet
Sound Source\Calm\6783_sk_serin.wav,calm,serin
Sound Source\Calm\6783_sk_sevgi.wav,calm,sevgi
Sound Source\Calm\6783_sk_simit.wav,calm,simit
Sound Source\Calm\6783_sk_soba.wav,calm,soba
Sound Source\Calm\6783_sk_sucuk.wav,calm,sucuk
Sound Source\Calm\6783_sk_tahta.wav,calm,tahta
Sound Source\Calm\6783_sk_tembel.wav,calm,tembel
Sound Source\Calm\6783_sk_tirtil.wav,calm,tirtil
Sound Source\Calm\6783_sk_turev.wav,calm,turev
Sound Source\Calm\6783_sk_unlu.wav,calm,unlu
Sound Source\Calm\6783_sk_utanc.wav,calm,utanc
Sound Source\Calm\6783_sk_vurgu.wav,calm,vurgu
Sound Source\Calm\6783_sk_yanki.wav,calm,yanki
Sound Source\Calm\6783_sk_yazim.wav,calm,yazim
Sound Source\Calm\6783_sk_yigilmak.wav,calm,yigilmak
Sound Source\Calm\6783_sk_yigin.wav,calm,yigin
Sound Source\Calm\6783_sk_zeytin.wav,calm,zeytin
Sound Source\Calm\7895_sk_acik.wav,calm,acik
Sound Source\Calm\7895_sk_algi.wav,calm,algi
Sound Source\Calm\7895_sk_beste.wav,calm,beste
Sound Source\Calm\7895_sk_bugu.wav,calm,bugu
Sound Source\Calm\7895_sk_cay.wav,calm,cay
Sound Source\Calm\7895_sk_cekirge.wav,calm,cekirge
Sound Source\Calm\7895_sk_cene.wav,calm,cene
Sound Source\Calm\7895_sk_ceren.wav,calm,ceren
Sound Source\Calm\7895_sk_cilek.wav,calm,cilek
Sound Source\Calm\7895_sk_defne.wav,calm,defne
Sound Source\Calm\7895_sk_demet.wav,calm,demet
Sound Source\Calm\7895_sk_demir.wav,calm,demir
Sound Source\Calm\7895_sk_deve.wav,calm,deve
Sound Source\Calm\7895_sk_deyim.wav,calm,deyim
Sound Source\Calm\7895_sk_dil.wav,calm,dil
Sound Source\Calm\7895_sk_dizge.wav,calm,dizge
Sound Source\Calm\7895_sk_dugun.wav,calm,dugun
Sound Source\Calm\7895_sk_eger.wav,calm,eger
Sound Source\Calm\7895_sk_eski.wav,calm,eski
Sound Source\Calm\7895_sk_firildak.wav,calm,firildak
Sound Source\Calm\7895_sk_gezi.wav,calm,gezi
Sound Source\Calm\7895_sk_gicik.wav,calm,gicik
Sound Source\Calm\7895_sk_goz.wav,calm,goz
Sound Source\Calm\7895_sk_gunes.wav,calm,gunes
Sound Source\Calm\7895_sk_gurbuz.wav,calm,gurbuz
Sound Source\Calm\7895_sk_hekim.wav,calm,hekim
Sound Source\Calm\7895_sk_igde.wav,calm,igde
Sound Source\Calm\7895_sk_isirgan.wav,calm,isirgan
Sound Source\Calm\7895_sk_japon.wav,calm,japon
Sound Source\Calm\7895_sk_kagit.wav,calm,kagit
Sound Source\Calm\7895_sk_karton.wav,calm,karton
Sound Source\Calm\7895_sk_kedi.wav,calm,kedi
Sound Source\Calm\7895_sk_kemik.wav,calm,kemik
Sound Source\Calm\7895_sk_kibir.wav,calm,kibir
Sound Source\Calm\7895_sk_kiler.wav,calm,kiler
Sound Source\Calm\7895_sk_kirgin.wav,calm,kirgin
Sound Source\Calm\7895_sk_koku.wav,calm,koku
Sound Source\Calm\7895_sk_konuk.wav,calm,konuk
Sound Source\Calm\7895_sk_koy.wav,calm,koy
Sound Source\Calm\7895_sk_kulac.wav,calm,kulac
Sound Source\Calm\7895_sk_kusluk.wav,calm,kusluk
Sound Source\Calm\7895_sk_kustah.wav,calm,kustah
Sound Source\Calm\7895_sk_lokma.wav,calm,lokma
Sound Source\Calm\7895_sk_lufer.wav,calm,lufer
Sound Source\Calm\7895_sk_melek.wav,calm,melek
Sound Source\Calm\7895_sk_mujde.wav,calm,mujde
Sound Source\Calm\7895_sk_nasil.wav,calm,nasil
Sound Source\Calm\7895_sk_nicin.wav,calm,nicin
Sound Source\Calm\7895_sk_odenek.wav,calm,odenek
Sound Source\Calm\7895_sk_ogul.wav,calm,ogul
Sound Source\Calm\7895_sk_olcut.wav,calm,olcut
Sound Source\Calm\7895_sk_ordek.wav,calm,ordek
Sound Source\Calm\7895_sk_orgu.wav,calm,orgu
Sound Source\Calm\7895_sk_pamuk.wav,calm,pamuk
Sound Source\Calm\7895_sk_pas.wav,calm,pas
Sound Source\Calm\7895_sk_pihti.wav,calm,pihti
Sound Source\Calm\7895_sk_rihtim.wav,calm,rihtim
Sound Source\Calm\7895_sk_saf.wav,calm,saf
Sound Source\Calm\7895_sk_sarap.wav,calm,sarap
Sound Source\Calm\7895_sk_sarj.wav,calm,sarj
Sound Source\Calm\7895_sk_satir.wav,calm,satir
Sound Source\Calm\7895_sk_senlik.wav,calm,senlik
Sound Source\Calm\7895_sk_sepet.wav,calm,sepet
Sound Source\Calm\7895_sk_serin.wav,calm,serin
Sound Source\Calm\7895_sk_sevgi.wav,calm,sevgi
Sound Source\Calm\7895_sk_simit.wav,calm,simit
Sound Source\Calm\7895_sk_soba.wav,calm,soba
Sound Source\Calm\7895_sk_sucuk.wav,calm,sucuk
Sound Source\Calm\7895_sk_tahta.wav,calm,tahta
Sound Source\Calm\7895_sk_tembel.wav,calm,tembel
Sound Source\Calm\7895_sk_tirtil.wav,calm,tirtil
Sound Source\Calm\7895_sk_turev.wav,calm,turev
Sound Source\Calm\7895_sk_unlu.wav,calm,unlu
Sound Source\Calm\7895_sk_utanc.wav,calm,utanc
Sound Source\Calm\7895_sk_vurgu.wav,calm,vurgu
Sound Source\Calm\7895_sk_yanki.wav,calm,yanki
Sound Source\Calm\7895_sk_yazim.wav,calm,yazim
Sound Source\Calm\7895_sk_yigilmak.wav,calm,yigilmak
Sound Source\Calm\7895_sk_yigin.wav,calm,yigin
Sound Source\Calm\7895_sk_zeytin.wav,calm,zeytin
Sound Source\Happy\1234_mt_acik.wav,happy,acik
Sound Source\Happy\1234_mt_algi.wav,happy,algi
Sound Source\Happy\1234_mt_beste.wav,happy,beste
Sound Source\Happy\1234_mt_bugu.wav,happy,bugu
Sound Source\Happy\1234_mt_cay.wav,happy,cay
Sound Source\Happy\1234_mt_cekirge.wav,happy,cekirge
Sound Source\Happy\1234_mt_cene.wav,happy,cene
Sound Source\Happy\1234_mt_ceren.wav,happy,ceren
Sound Source\Happy\1234_mt_cilek.wav,happy,cilek
Sound Source\Happy\1234_mt_defne.wav,happy,defne
Sound Source\Happy\1234_mt_demet.wav,happy,demet
Sound Source\Happy\1234_mt_demir.wav,happy,demir
Sound Source\Happy\1234_mt_deve.wav,happy,deve
Sound Source\Happy\1234_mt_deyim.wav,happy,deyim
Sound Source\Happy\1234_mt_dil.wav,happy,dil
Sound Source\Happy\1234_mt_dizge.wav,happy,dizge
Sound Source\Happy\1234_mt_dugun.wav,happy,dugun
Sound Source\Happy\1234_mt_eger.wav,happy,eger
Sound Source\Happy\1234_mt_elmacik.wav,happy,elmacik
Sound Source\Happy\1234_mt_eski.wav,happy,eski
Sound Source\Happy\1234_mt_firildak.wav,happy,firildak
Sound Source\Happy\1234_mt_gezi.wav,happy,gezi
Sound Source\Happy\1234_mt_gicik.wav,happy,gicik
Sound Source\Happy\1234_mt_goz.wav,happy,goz
Sound Source\Happy\1234_mt_gunes.wav,happy,gunes
Sound Source\Happy\1234_mt_gurbuz.wav,happy,gurbuz
Sound Source\Happy\1234_mt_hekim.wav,happy,hekim
Sound Source\Happy\1234_mt_igde.wav,happy,igde
Sound Source\Happy\1234_mt_isirgan.wav,happy,isirgan
Sound Source\Happy\1234_mt_japon.wav,happy,japon
Sound Source\Happy\1234_mt_kagit.wav,happy,kagit
Sound Source\Happy\1234_mt_karton.wav,happy,karton
Sound Source\Happy\1234_mt_kedi.wav,happy,kedi
Sound Source\Happy\1234_mt_kemik.wav,happy,kemik
Sound Source\Happy\1234_mt_kibir.wav,happy,kibir
Sound Source\Happy\1234_mt_kiler.wav,happy,kiler
Sound Source\Happy\1234_mt_kirgin.wav,happy,kirgin
Sound Source\Happy\1234_mt_koku.wav,happy,koku
Sound Source\Happy\1234_mt_konuk.wav,happy,konuk
Sound Source\Happy\1234_mt_koy.wav,happy,koy
Sound Source\Happy\1234_mt_kulac.wav,happy,kulac
Sound Source\Happy\1234_mt_kusluk.wav,happy,kusluk
Sound Source\Happy\1234_mt_kustah.wav,happy,kustah
Sound Source\Happy\1234_mt_lokma.wav,happy,lokma
Sound Source\Happy\1234_mt_lufer.wav,happy,lufer
Sound Source\Happy\1234_mt_melek.wav,happy,melek
Sound Source\Happy\1234_mt_mujde.wav,happy,mujde
Sound Source\Happy\1234_mt_nasil.wav,happy,nasil
Sound Source\Happy\1234_mt_nicin.wav,happy,nicin
Sound Source\Happy\1234_mt_odenek.wav,happy,odenek
Sound Source\Happy\1234_mt_ogul.wav,happy,ogul
Sound Source\Happy\1234_mt_okul.wav,happy,okul
Sound Source\Happy\1234_mt_olcut.wav,happy,olcut
Sound Source\Happy\1234_mt_ordek.wav,happy,ordek
Sound Source\Happy\1234_mt_orgu.wav,happy,orgu
Sound Source\Happy\1234_mt_pamuk.wav,happy,pamuk
Sound Source\Happy\1234_mt_pas.wav,happy,pas
Sound Source\Happy\1234_mt_pihti.wav,happy,pihti
Sound Source\Happy\1234_mt_rihtim.wav,happy,rihtim
Sound Source\Happy\1234_mt_saf.wav,happy,saf
Sound Source\Happy\1234_mt_sarap.wav,happy,sarap
Sound Source\Happy\1234_mt_sarj.wav,happy,sarj
Sound Source\Happy\1234_mt_satir.wav,happy,satir
Sound Source\Happy\1234_mt_senlik.wav,happy,senlik
Sound Source\Happy\1234_mt_sepet.wav,happy,sepet
Sound Source\Happy\1234_mt_serin.wav,happy,serin
Sound Source\Happy\1234_mt_sevgi.wav,happy,sevgi
Sound Source\Happy\1234_mt_simit.wav,happy,simit
Sound Source\Happy\1234_mt_soba.wav,happy,soba
Sound Source\Happy\1234_mt_sucuk.wav,happy,sucuk
Sound Source\Happy\1234_mt_tahta.wav,happy,tahta
Sound Source\Happy\1234_mt_tembel.wav,happy,tembel
Sound Source\Happy\1234_mt_tirtil.wav,happy,tirtil
Sound Source\Happy\1234_mt_turev.wav,happy,turev
Sound Source\Happy\1234_mt_unlu.wav,happy,unlu
Sound Source\Happy\1234_mt_utanc.wav,happy,utanc
Sound Source\Happy\1234_mt_vurgu.wav,happy,vurgu
Sound Source\Happy\1234_mt_yanki.wav,happy,yanki
Sound Source\Happy\1234_mt_yazim.wav,happy,yazim
Sound Source\Happy\1234_mt_yigilmak.wav,happy,yigilmak
Sound Source\Happy\1234_mt_yigin.wav,happy,yigin
Sound Source\Happy\1234_mt_zeytin.wav,happy,zeytin
Sound Source\Happy\1358_mt_acik.wav,happy,acik
Sound Source\Happy\1358_mt_algi.wav,happy,algi
Sound Source\Happy\1358_mt_beste.wav,happy,beste
Sound Source\Happy\1358_mt_bugu.wav,happy,bugu
Sound Source\Happy\1358_mt_cay.wav,happy,cay
Sound Source\Happy\1358_mt_cekirge.wav,happy,cekirge
Sound Source\Happy\1358_mt_cene.wav,happy,cene
Sound Source\Happy\1358_mt_ceren.wav,happy,ceren
Sound Source\Happy\1358_mt_cilek.wav,happy,cilek
Sound Source\Happy\1358_mt_defne.wav,happy,defne
Sound Source\Happy\1358_mt_demet.wav,happy,demet
Sound Source\Happy\1358_mt_demir.wav,happy,demir
Sound Source\Happy\1358_mt_deve.wav,happy,deve
Sound Source\Happy\1358_mt_deyim.wav,happy,deyim
Sound Source\Happy\1358_mt_dil.wav,happy,dil
Sound Source\Happy\1358_mt_dizge.wav,happy,dizge
Sound Source\Happy\1358_mt_dugun.wav,happy,dugun
Sound Source\Happy\1358_mt_eger.wav,happy,eger
Sound Source\Happy\1358_mt_elmacik.wav,happy,elmacik
Sound Source\Happy\1358_mt_eski.wav,happy,eski
Sound Source\Happy\1358_mt_firildak.wav,happy,firildak
Sound Source\Happy\1358_mt_gezi.wav,happy,gezi
Sound Source\Happy\1358_mt_gicik.wav,happy,gicik
Sound Source\Happy\1358_mt_goz.wav,happy,goz
Sound Source\Happy\1358_mt_gunes.wav,happy,gunes
Sound Source\Happy\1358_mt_gurbuz.wav,happy,gurbuz
Sound Source\Happy\1358_mt_hekim.wav,happy,hekim
Sound Source\Happy\1358_mt_igde.wav,happy,igde
Sound Source\Happy\1358_mt_isirgan.wav,happy,isirgan
Sound Source\Happy\1358_mt_japon.wav,happy,japon
Sound Source\Happy\1358_mt_kagit.wav,happy,kagit
Sound Source\Happy\1358_mt_karton.wav,happy,karton
Sound Source\Happy\1358_mt_kedi.wav,happy,kedi
Sound Source\Happy\1358_mt_kemik.wav,happy,kemik
Sound Source\Happy\1358_mt_kibir.wav,happy,kibir
Sound Source\Happy\1358_mt_kiler.wav,happy,kiler
Sound Source\Happy\1358_mt_kirgin.wav,happy,kirgin
Sound Source\Happy\1358_mt_koku.wav,happy,koku
Sound Source\Happy\1358_mt_konuk.wav,happy,konuk
Sound Source\Happy\1358_mt_koy.wav,happy,koy
Sound Source\Happy\1358_mt_kulac.wav,happy,kulac
Sound Source\Happy\1358_mt_kusluk.wav,happy,kusluk
Sound Source\Happy\1358_mt_kustah.wav,happy,kustah
Sound Source\Happy\1358_mt_lokma.wav,happy,lokma
Sound Source\Happy\1358_mt_lufer.wav,happy,lufer
Sound Source\Happy\1358_mt_melek.wav,happy,melek
Sound Source\Happy\1358_mt_mujde.wav,happy,mujde
Sound Source\Happy\1358_mt_nasil.wav,happy,nasil
Sound Source\Happy\1358_mt_nicin.wav,happy,nicin
Sound Source\Happy\1358_mt_odenek.wav,happy,odenek
Sound Source\Happy\1358_mt_ogul.wav,happy,ogul
Sound Source\Happy\1358_mt_okul.wav,happy,okul
Sound Source\Happy\1358_mt_olcut.wav,happy,olcut
Sound Source\Happy\1358_mt_ordek.wav,happy,ordek
Sound Source\Happy\1358_mt_orgu.wav,happy,orgu
Sound Source\Happy\1358_mt_pamuk.wav,happy,pamuk
Sound Source\Happy\1358_mt_pas.wav,happy,pas
Sound Source\Happy\1358_mt_pihti.wav,happy,pihti
Sound Source\Happy\1358_mt_rihtim.wav,happy,rihtim
Sound Source\Happy\1358_mt_saf.wav,happy,saf
Sound Source\Happy\1358_mt_sarap.wav,happy,sarap
Sound Source\Happy\1358_mt_sarj.wav,happy,sarj
Sound Source\Happy\1358_mt_satir.wav,happy,satir
Sound Source\Happy\1358_mt_senlik.wav,happy,senlik
Sound Source\Happy\1358_mt_sepet.wav,happy,sepet
Sound Source\Happy\1358_mt_serin.wav,happy,serin
Sound Source\Happy\1358_mt_sevgi.wav,happy,sevgi
Sound Source\Happy\1358_mt_simit.wav,happy,simit
Sound Source\Happy\1358_mt_soba.wav,happy,soba
Sound Source\Happy\1358_mt_sucuk.wav,happy,sucuk
Sound Source\Happy\1358_mt_tahta.wav,happy,tahta
Sound Source\Happy\1358_mt_tembel.wav,happy,tembel
Sound Source\Happy\1358_mt_tirtil.wav,happy,tirtil
Sound Source\Happy\1358_mt_turev.wav,happy,turev
Sound Source\Happy\1358_mt_unlu.wav,happy,unlu
Sound Source\Happy\1358_mt_utanc.wav,happy,utanc
Sound Source\Happy\1358_mt_vurgu.wav,happy,vurgu
Sound Source\Happy\1358_mt_yanki.wav,happy,yanki
Sound Source\Happy\1358_mt_yazim.wav,happy,yazim
Sound Source\Happy\1358_mt_yigilmak.wav,happy,yigilmak
Sound Source\Happy\1358_mt_yigin.wav,happy,yigin
Sound Source\Happy\1358_mt_zeytin.wav,happy,zeytin
Sound Source\Happy\1984_mt_acik.wav,happy,acik
Sound Source\Happy\1984_mt_algi.wav,happy,algi
Sound Source\Happy\1984_mt_beste.wav,happy,beste
Sound Source\Happy\1984_mt_bugu.wav,happy,bugu
Sound Source\Happy\1984_mt_cay.wav,happy,cay
Sound Source\Happy\1984_mt_cekirge.wav,happy,cekirge
Sound Source\Happy\1984_mt_cene.wav,happy,cene
Sound Source\Happy\1984_mt_ceren.wav,happy,ceren
Sound Source\Happy\1984_mt_cilek.wav,happy,cilek
Sound Source\Happy\1984_mt_defne.wav,happy,defne
Sound Source\Happy\1984_mt_demet.wav,happy,demet
Sound Source\Happy\1984_mt_demir.wav,happy,demir
Sound Source\Happy\1984_mt_deve.wav,happy,deve
Sound Source\Happy\1984_mt_deyim.wav,happy,deyim
Sound Source\Happy\1984_mt_dil.wav,happy,dil
Sound Source\Happy\1984_mt_dizge.wav,happy,dizge
Sound Source\Happy\1984_mt_dugun.wav,happy,dugun
Sound Source\Happy\1984_mt_eger.wav,happy,eger
Sound Source\Happy\1984_mt_elmacik.wav,happy,elmacik
Sound Source\Happy\1984_mt_eski.wav,happy,eski
Sound Source\Happy\1984_mt_firildak.wav,happy,firildak
Sound Source\Happy\1984_mt_gezi.wav,happy,gezi
Sound Source\Happy\1984_mt_gicik.wav,happy,gicik
Sound Source\Happy\1984_mt_goz.wav,happy,goz
Sound Source\Happy\1984_mt_gunes.wav,happy,gunes
Sound Source\Happy\1984_mt_gurbuz.wav,happy,gurbuz
Sound Source\Happy\1984_mt_hekim.wav,happy,hekim
Sound Source\Happy\1984_mt_igde.wav,happy,igde
Sound Source\Happy\1984_mt_isirgan.wav,happy,isirgan
Sound Source\Happy\1984_mt_japon.wav,happy,japon
Sound Source\Happy\1984_mt_kagit.wav,happy,kagit
Sound Source\Happy\1984_mt_karton.wav,happy,karton
Sound Source\Happy\1984_mt_kedi.wav,happy,kedi
Sound Source\Happy\1984_mt_kemik.wav,happy,kemik
Sound Source\Happy\1984_mt_kibir.wav,happy,kibir
Sound Source\Happy\1984_mt_kiler.wav,happy,kiler
Sound Source\Happy\1984_mt_kirgin.wav,happy,kirgin
Sound Source\Happy\1984_mt_koku.wav,happy,koku
Sound Source\Happy\1984_mt_konuk.wav,happy,konuk
Sound Source\Happy\1984_mt_koy.wav,happy,koy
Sound Source\Happy\1984_mt_kulac.wav,happy,kulac
Sound Source\Happy\1984_mt_kusluk.wav,happy,kusluk
Sound Source\Happy\1984_mt_kustah.wav,happy,kustah
Sound Source\Happy\1984_mt_lokma.wav,happy,lokma
Sound Source\Happy\1984_mt_lufer.wav,happy,lufer
Sound Source\Happy\1984_mt_melek.wav,happy,melek
Sound Source\Happy\1984_mt_mujde.wav,happy,mujde
Sound Source\Happy\1984_mt_nasil.wav,happy,nasil
Sound Source\Happy\1984_mt_nicin.wav,happy,nicin
Sound Source\Happy\1984_mt_odenek.wav,happy,odenek
Sound Source\Happy\1984_mt_ogul.wav,happy,ogul
Sound Source\Happy\1984_mt_okul.wav,happy,okul
Sound Source\Happy\1984_mt_olcut.wav,happy,olcut
Sound Source\Happy\1984_mt_ordek.wav,happy,ordek
Sound Source\Happy\1984_mt_orgu.wav,happy,orgu
Sound Source\Happy\1984_mt_pamuk.wav,happy,pamuk
Sound Source\Happy\1984_mt_pas.wav,happy,pas
Sound Source\Happy\1984_mt_pihti.wav,happy,pihti
Sound Source\Happy\1984_mt_rihtim.wav,happy,rihtim
Sound Source\Happy\1984_mt_saf.wav,happy,saf
Sound Source\Happy\1984_mt_sarap.wav,happy,sarap
Sound Source\Happy\1984_mt_sarj.wav,happy,sarj
Sound Source\Happy\1984_mt_satir.wav,happy,satir
Sound Source\Happy\1984_mt_senlik.wav,happy,senlik
Sound Source\Happy\1984_mt_sepet.wav,happy,sepet
Sound Source\Happy\1984_mt_serin.wav,happy,serin
Sound Source\Happy\1984_mt_sevgi.wav,happy,sevgi
Sound Source\Happy\1984_mt_simit.wav,happy,simit
Sound Source\Happy\1984_mt_soba.wav,happy,soba
Sound Source\Happy\1984_mt_sucuk.wav,happy,sucuk
Sound Source\Happy\1984_mt_tahta.wav,happy,tahta
Sound Source\Happy\1984_mt_tembel.wav,happy,tembel
Sound Source\Happy\1984_mt_tirtil.wav,happy,tirtil
Sound Source\Happy\1984_mt_turev.wav,happy,turev
Sound Source\Happy\1984_mt_unlu.wav,happy,unlu
Sound Source\Happy\1984_mt_utanc.wav,happy,utanc
Sound Source\Happy\1984_mt_vurgu.wav,happy,vurgu
Sound Source\Happy\1984_mt_yanki.wav,happy,yanki
Sound Source\Happy\1984_mt_yazim.wav,happy,yazim
Sound Source\Happy\1984_mt_yigilmak.wav,happy,yigilmak
Sound Source\Happy\1984_mt_yigin.wav,happy,yigin
Sound Source\Happy\1984_mt_zeytin.wav,happy,zeytin
Sound Source\Happy\6783_mt_acik.wav,happy,acik
Sound Source\Happy\6783_mt_algi.wav,happy,algi
Sound Source\Happy\6783_mt_beste.wav,happy,beste
Sound Source\Happy\6783_mt_bugu.wav,happy,bugu
Sound Source\Happy\6783_mt_cay.wav,happy,cay
Sound Source\Happy\6783_mt_cekirge.wav,happy,cekirge
Sound Source\Happy\6783_mt_cene.wav,happy,cene
Sound Source\Happy\6783_mt_ceren.wav,happy,ceren
Sound Source\Happy\6783_mt_cilek.wav,happy,cilek
Sound Source\Happy\6783_mt_defne.wav,happy,defne
Sound Source\Happy\6783_mt_demet.wav,happy,demet
Sound Source\Happy\6783_mt_demir.wav,happy,demir
Sound Source\Happy\6783_mt_deve.wav,happy,deve
Sound Source\Happy\6783_mt_deyim.wav,happy,deyim
Sound Source\Happy\6783_mt_dil.wav,happy,dil
Sound Source\Happy\6783_mt_dizge.wav,happy,dizge
Sound Source\Happy\6783_mt_dugun.wav,happy,dugun
Sound Source\Happy\6783_mt_eger.wav,happy,eger
Sound Source\Happy\6783_mt_elmacik.wav,happy,elmacik
Sound Source\Happy\6783_mt_eski.wav,happy,eski
Sound Source\Happy\6783_mt_firildak.wav,happy,firildak
Sound Source\Happy\6783_mt_gezi.wav,happy,gezi
Sound Source\Happy\6783_mt_gicik.wav,happy,gicik
Sound Source\Happy\6783_mt_goz.wav,happy,goz
Sound Source\Happy\6783_mt_gunes.wav,happy,gunes
Sound Source\Happy\6783_mt_gurbuz.wav,happy,gurbuz
Sound Source\Happy\6783_mt_hekim.wav,happy,hekim
Sound Source\Happy\6783_mt_igde.wav,happy,igde
Sound Source\Happy\6783_mt_isirgan.wav,happy,isirgan
Sound Source\Happy\6783_mt_japon.wav,happy,japon
Sound Source\Happy\6783_mt_kagit.wav,happy,kagit
Sound Source\Happy\6783_mt_karton.wav,happy,karton
Sound Source\Happy\6783_mt_kedi.wav,happy,kedi
Sound Source\Happy\6783_mt_kemik.wav,happy,kemik
Sound Source\Happy\6783_mt_kibir.wav,happy,kibir
Sound Source\Happy\6783_mt_kiler.wav,happy,kiler
Sound Source\Happy\6783_mt_kirgin.wav,happy,kirgin
Sound Source\Happy\6783_mt_koku.wav,happy,koku
Sound Source\Happy\6783_mt_konuk.wav,happy,konuk
Sound Source\Happy\6783_mt_koy.wav,happy,koy
Sound Source\Happy\6783_mt_kulac.wav,happy,kulac
Sound Source\Happy\6783_mt_kusluk.wav,happy,kusluk
Sound Source\Happy\6783_mt_kustah.wav,happy,kustah
Sound Source\Happy\6783_mt_lokma.wav,happy,lokma
Sound Source\Happy\6783_mt_lufer.wav,happy,lufer
Sound Source\Happy\6783_mt_melek.wav,happy,melek
Sound Source\Happy\6783_mt_mujde.wav,happy,mujde
Sound Source\Happy\6783_mt_nasil.wav,happy,nasil
Sound Source\Happy\6783_mt_nicin.wav,happy,nicin
Sound Source\Happy\6783_mt_odenek.wav,happy,odenek
Sound Source\Happy\6783_mt_ogul.wav,happy,ogul
Sound Source\Happy\6783_mt_okul.wav,happy,okul
Sound Source\Happy\6783_mt_olcut.wav,happy,olcut
Sound Source\Happy\6783_mt_ordek.wav,happy,ordek
Sound Source\Happy\6783_mt_orgu.wav,happy,orgu
Sound Source\Happy\6783_mt_pamuk.wav,happy,pamuk
Sound Source\Happy\6783_mt_pas.wav,happy,pas
Sound Source\Happy\6783_mt_pihti.wav,happy,pihti
Sound Source\Happy\6783_mt_rihtim.wav,happy,rihtim
Sound Source\Happy\6783_mt_saf.wav,happy,saf
Sound Source\Happy\6783_mt_sarap.wav,happy,sarap
Sound Source\Happy\6783_mt_sarj.wav,happy,sarj
Sound Source\Happy\6783_mt_satir.wav,happy,satir
Sound Source\Happy\6783_mt_senlik.wav,happy,senlik
Sound Source\Happy\6783_mt_sepet.wav,happy,sepet
Sound Source\Happy\6783_mt_serin.wav,happy,serin
Sound Source\Happy\6783_mt_sevgi.wav,happy,sevgi
Sound Source\Happy\6783_mt_simit.wav,happy,simit
Sound Source\Happy\6783_mt_soba.wav,happy,soba
Sound Source\Happy\6783_mt_sucuk.wav,happy,sucuk
Sound Source\Happy\6783_mt_tahta.wav,happy,tahta
Sound Source\Happy\6783_mt_tembel.wav,happy,tembel
Sound Source\Happy\6783_mt_tirtil.wav,happy,tirtil
Sound Source\Happy\6783_mt_turev.wav,happy,turev
Sound Source\Happy\6783_mt_unlu.wav,happy,unlu
Sound Source\Happy\6783_mt_utanc.wav,happy,utanc
Sound Source\Happy\6783_mt_vurgu.wav,happy,vurgu
Sound Source\Happy\6783_mt_yanki.wav,happy,yanki
Sound Source\Happy\6783_mt_yazim.wav,happy,yazim
Sound Source\Happy\6783_mt_yigilmak.wav,happy,yigilmak
Sound Source\Happy\6783_mt_yigin.wav,happy,yigin
Sound Source\Happy\6783_mt_zeytin.wav,happy,zeytin
Sound Source\Happy\7895_mt_bugu.wav,happy,bugu
Sound Source\Happy\7895_mt_cene.wav,happy,cene
Sound Source\Happy\7895_mt_cilek.wav,happy,cilek
Sound Source\Happy\7895_mt_demir.wav,happy,demir
Sound Source\Happy\7895_mt_dizge.wav,happy,dizge
Sound Source\Happy\7895_mt_eski.wav,happy,eski
Sound Source\Happy\7895_mt_gunes.wav,happy,gunes
Sound Source\Happy\7895_mt_hekim.wav,happy,hekim
Sound Source\Happy\7895_mt_kemik.wav,happy,kemik
Sound Source\Happy\7895_mt_kibir.wav,happy,kibir
Sound Source\Happy\7895_mt_kirgin.wav,happy,kirgin
Sound Source\Happy\7895_mt_konuk.wav,happy,konuk
Sound Source\Happy\7895_mt_kulac.wav,happy,kulac
Sound Source\Happy\7895_mt_kusluk.wav,happy,kusluk
Sound Source\Happy\7895_mt_kustah.wav,happy,kustah
Sound Source\Happy\7895_mt_lufer.wav,happy,lufer
Sound Source\Happy\7895_mt_melek.wav,happy,melek
Sound Source\Happy\7895_mt_nasil.wav,happy,nasil
Sound Source\Happy\7895_mt_ogul.wav,happy,ogul
Sound Source\Happy\7895_mt_okul.wav,happy,okul
Sound Source\Happy\7895_mt_pas.wav,happy,pas
Sound Source\Happy\7895_mt_satir.wav,happy,satir
Sound Source\Happy\7895_mt_sevgi.wav,happy,sevgi
Sound Source\Happy\7895_mt_sucuk.wav,happy,sucuk
Sound Source\Happy\7895_mt_tembel.wav,happy,tembel
Sound Source\Happy\7895_mt_turev.wav,happy,turev
Sound Source\Happy\7895_mt_unlu.wav,happy,unlu
Sound Source\Happy\7895_mt_utanc.wav,happy,utanc
Sound Source\Happy\7895_mt_yazim.wav,happy,yazim
Sound Source\Sad\1157_hl_acik.wav,sad,acik
Sound Source\Sad\1157_hl_algi.wav,sad,algi
Sound Source\Sad\1157_hl_beste.wav,sad,beste
Sound Source\Sad\1157_hl_bugu.wav,sad,bugu
Sound Source\Sad\1157_hl_cay.wav,sad,cay
Sound Source\Sad\1157_hl_cene.wav,sad,cene
Sound Source\Sad\1157_hl_cilek.wav,sad,cilek
Sound Source\Sad\1157_hl_defne.wav,sad,defne
Sound Source\Sad\1157_hl_demet.wav,sad,demet
Sound Source\Sad\1157_hl_deyim.wav,sad,deyim
Sound Source\Sad\1157_hl_dil.wav,sad,dil
Sound Source\Sad\1157_hl_dizge.wav,sad,dizge
Sound Source\Sad\1157_hl_dugun.wav,sad,dugun
Sound Source\Sad\1157_hl_eger.wav,sad,eger
Sound Source\Sad\1157_hl_elmacik.wav,sad,elmacik
Sound Source\Sad\1157_hl_eski.wav,sad,eski
Sound Source\Sad\1157_hl_firildak.wav,sad,firildak
Sound Source\Sad\1157_hl_gezi.wav,sad,gezi
Sound Source\Sad\1157_hl_gicik.wav,sad,gicik
Sound Source\Sad\1157_hl_goz.wav,sad,goz
Sound Source\Sad\1157_hl_gunes.wav,sad,gunes
Sound Source\Sad\1157_hl_gurbuz.wav,sad,gurbuz
Sound Source\Sad\1157_hl_hekim.wav,sad,hekim
Sound Source\Sad\1157_hl_igde.wav,sad,igde
Sound Source\Sad\1157_hl_isirgan.wav,sad,isirgan
Sound Source\Sad\1157_hl_japon.wav,sad,japon
Sound Source\Sad\1157_hl_kagit.wav,sad,kagit
Sound Source\Sad\1157_hl_karton.wav,sad,karton
Sound Source\Sad\1157_hl_kedi.wav,sad,kedi
Sound Source\Sad\1157_hl_kemik.wav,sad,kemik
Sound Source\Sad\1157_hl_kibir.wav,sad,kibir
Sound Source\Sad\1157_hl_kiler.wav,sad,kiler
Sound Source\Sad\1157_hl_kirgin.wav,sad,kirgin
Sound Source\Sad\1157_hl_koku.wav,sad,koku
Sound Source\Sad\1157_hl_konuk.wav,sad,konuk
Sound Source\Sad\1157_hl_koy.wav,sad,koy
Sound Source\Sad\1157_hl_kulac.wav,sad,kulac
Sound Source\Sad\1157_hl_kusluk.wav,sad,kusluk
Sound Source\Sad\1157_hl_kustah.wav,sad,kustah
Sound Source\Sad\1157_hl_lokma.wav,sad,lokma
Sound Source\Sad\1157_hl_lufer.wav,sad,lufer
Sound Source\Sad\1157_hl_melek.wav,sad,melek
Sound Source\Sad\1157_hl_mujde.wav,sad,mujde
Sound Source\Sad\1157_hl_nasil.wav,sad,nasil
Sound Source\Sad\1157_hl_nicin.wav,sad,nicin
Sound Source\Sad\1157_hl_odenek.wav,sad,odenek
Sound Source\Sad\1157_hl_ogul.wav,sad,ogul
Sound Source\Sad\1157_hl_orgu.wav,sad,orgu
Sound Source\Sad\1157_hl_pamuk.wav,sad,pamuk
Sound Source\Sad\1157_hl_pas.wav,sad,pas
Sound Source\Sad\1157_hl_pihti.wav,sad,pihti
Sound Source\Sad\1157_hl_rihtim.wav,sad,rihtim
Sound Source\Sad\1157_hl_saf.wav,sad,saf
Sound Source\Sad\1157_hl_sarj.wav,sad,sarj
Sound Source\Sad\1157_hl_satir.wav,sad,satir
Sound Source\Sad\1157_hl_sepet.wav,sad,sepet
Sound Source\Sad\1157_hl_serin.wav,sad,serin
Sound Source\Sad\1157_hl_sevgi.wav,sad,sevgi
Sound Source\Sad\1157_hl_simit.wav,sad,simit
Sound Source\Sad\1157_hl_soba.wav,sad,soba
Sound Source\Sad\1157_hl_sucuk.wav,sad,sucuk
Sound Source\Sad\1157_hl_tahta.wav,sad,tahta
Sound Source\Sad\1157_hl_tembel.wav,sad,tembel
Sound Source\Sad\1157_hl_tirtil.wav,sad,tirtil
Sound Source\Sad\1157_hl_turev.wav,sad,turev
Sound Source\Sad\1157_hl_unlu.wav,sad,unlu
Sound Source\Sad\1157_hl_utanc.wav,sad,utanc
Sound Source\Sad\1157_hl_vurgu.wav,sad,vurgu
Sound Source\Sad\1157_hl_yanki.wav,sad,yanki
Sound Source\Sad\1157_hl_yazim.wav,sad,yazim
Sound Source\Sad\1157_hl_yigilmak.wav,sad,yigilmak
Sound Source\Sad\1157_hl_yigin.wav,sad,yigin
Sound Source\Sad\1157_hl_zeytin.wav,sad,zeytin
Sound Source\Sad\1234_hl_acik.wav,sad,acik
Sound Source\Sad\1234_hl_algi.wav,sad,algi
Sound Source\Sad\1234_hl_beste.wav,sad,beste
Sound Source\Sad\1234_hl_bugu.wav,sad,bugu
Sound Source\Sad\1234_hl_cay.wav,sad,cay
Sound Source\Sad\1234_hl_cekirge.wav,sad,cekirge
Sound Source\Sad\1234_hl_cene.wav,sad,cene
Sound Source\Sad\1234_hl_ceren.wav,sad,ceren
Sound Source\Sad\1234_hl_cilek.wav,sad,cilek
Sound Source\Sad\1234_hl_defne.wav,sad,defne
Sound Source\Sad\1234_hl_demet.wav,sad,demet
Sound Source\Sad\1234_hl_demir.wav,sad,demir
Sound Source\Sad\1234_hl_deve.wav,sad,deve
Sound Source\Sad\1234_hl_deyim.wav,sad,deyim
Sound Source\Sad\1234_hl_dil.wav,sad,dil
Sound Source\Sad\1234_hl_dizge.wav,sad,dizge
Sound Source\Sad\1234_hl_dugun.wav,sad,dugun
Sound Source\Sad\1234_hl_eger.wav,sad,eger
Sound Source\Sad\1234_hl_elmacik.wav,sad,elmacik
Sound Source\Sad\1234_hl_eski.wav,sad,eski
Sound Source\Sad\1234_hl_firildak.wav,sad,firildak
Sound Source\Sad\1234_hl_gezi.wav,sad,gezi
Sound Source\Sad\1234_hl_gicik.wav,sad,gicik
Sound Source\Sad\1234_hl_goz.wav,sad,goz
Sound Source\Sad\1234_hl_gunes.wav,sad,gunes
Sound Source\Sad\1234_hl_gurbuz.wav,sad,gurbuz
Sound Source\Sad\1234_hl_hekim.wav,sad,hekim
Sound Source\Sad\1234_hl_igde.wav,sad,igde
Sound Source\Sad\1234_hl_isirgan.wav,sad,isirgan
Sound Source\Sad\1234_hl_japon.wav,sad,japon
Sound Source\Sad\1234_hl_kagit.wav,sad,kagit
Sound Source\Sad\1234_hl_karton.wav,sad,karton
Sound Source\Sad\1234_hl_kedi.wav,sad,kedi
Sound Source\Sad\1234_hl_kemik.wav,sad,kemik
Sound Source\Sad\1234_hl_kibir.wav,sad,kibir
Sound Source\Sad\1234_hl_kiler.wav,sad,kiler
Sound Source\Sad\1234_hl_kirgin.wav,sad,kirgin
Sound Source\Sad\1234_hl_koku.wav,sad,koku
Sound Source\Sad\1234_hl_konuk.wav,sad,konuk
Sound Source\Sad\1234_hl_koy.wav,sad,koy
Sound Source\Sad\1234_hl_kulac.wav,sad,kulac
Sound Source\Sad\1234_hl_kusluk.wav,sad,kusluk
Sound Source\Sad\1234_hl_kustah.wav,sad,kustah
Sound Source\Sad\1234_hl_lokma.wav,sad,lokma
Sound Source\Sad\1234_hl_lufer.wav,sad,lufer
Sound Source\Sad\1234_hl_melek.wav,sad,melek
Sound Source\Sad\1234_hl_mujde.wav,sad,mujde
Sound Source\Sad\1234_hl_nasil.wav,sad,nasil
Sound Source\Sad\1234_hl_nicin.wav,sad,nicin
Sound Source\Sad\1234_hl_odenek.wav,sad,odenek
Sound Source\Sad\1234_hl_ogul.wav,sad,ogul
Sound Source\Sad\1234_hl_okul.wav,sad,okul
Sound Source\Sad\1234_hl_olcut.wav,sad,olcut
Sound Source\Sad\1234_hl_ordek.wav,sad,ordek
Sound Source\Sad\1234_hl_orgu.wav,sad,orgu
Sound Source\Sad\1234_hl_pamuk.wav,sad,pamuk
Sound Source\Sad\1234_hl_pas.wav,sad,pas
Sound Source\Sad\1234_hl_pihti.wav,sad,pihti
Sound Source\Sad\1234_hl_rihtim.wav,sad,rihtim
Sound Source\Sad\1234_hl_saf.wav,sad,saf
Sound Source\Sad\1234_hl_sarap.wav,sad,sarap
Sound Source\Sad\1234_hl_sarj.wav,sad,sarj
Sound Source\Sad\1234_hl_satir.wav,sad,satir
Sound Source\Sad\1234_hl_senlik.wav,sad,senlik
Sound Source\Sad\1234_hl_sepet.wav,sad,sepet
Sound Source\Sad\1234_hl_serin.wav,sad,serin
Sound Source\Sad\1234_hl_sevgi.wav,sad,sevgi
Sound Source\Sad\1234_hl_simit.wav,sad,simit
Sound Source\Sad\1234_hl_soba.wav,sad,soba
Sound Source\Sad\1234_hl_sucuk.wav,sad,sucuk
Sound Source\Sad\1234_hl_tahta.wav,sad,tahta
Sound Source\Sad\1234_hl_tembel.wav,sad,tembel
Sound Source\Sad\1234_hl_tirtil.wav,sad,tirtil
Sound Source\Sad\1234_hl_turev.wav,sad,turev
Sound Source\Sad\1234_hl_unlu.wav,sad,unlu
Sound Source\Sad\1234_hl_utanc.wav,sad,utanc
Sound Source\Sad\1234_hl_vurgu.wav,sad,vurgu
Sound Source\Sad\1234_hl_yanki.wav,sad,yanki
Sound Source\Sad\1234_hl_yazim.wav,sad,yazim
Sound Source\Sad\1234_hl_yigilmak.wav,sad,yigilmak
Sound Source\Sad\1234_hl_yigin.wav,sad,yigin
Sound Source\Sad\1234_hl_zeytin.wav,sad,zeytin
Sound Source\Sad\1358_hl_acik.wav,sad,acik
Sound Source\Sad\1358_hl_algi.wav,sad,algi
Sound Source\Sad\1358_hl_beste.wav,sad,beste
Sound Source\Sad\1358_hl_bugu.wav,sad,bugu
Sound Source\Sad\1358_hl_cay.wav,sad,cay
Sound Source\Sad\1358_hl_cekirge.wav,sad,cekirge
Sound Source\Sad\1358_hl_cene.wav,sad,cene
Sound Source\Sad\1358_hl_ceren.wav,sad,ceren
Sound Source\Sad\1358_hl_cilek.wav,sad,cilek
Sound Source\Sad\1358_hl_defne.wav,sad,defne
Sound Source\Sad\1358_hl_demet.wav,sad,demet
Sound Source\Sad\1358_hl_demir.wav,sad,demir
Sound Source\Sad\1358_hl_deve.wav,sad,deve
Sound Source\Sad\1358_hl_deyim.wav,sad,deyim
Sound Source\Sad\1358_hl_dil.wav,sad,dil
Sound Source\Sad\1358_hl_dizge.wav,sad,dizge
Sound Source\Sad\1358_hl_dugun.wav,sad,dugun
Sound Source\Sad\1358_hl_eger.wav,sad,eger
Sound Source\Sad\1358_hl_elmacik.wav,sad,elmacik
Sound Source\Sad\1358_hl_eski.wav,sad,eski
Sound Source\Sad\1358_hl_firildak.wav,sad,firildak
Sound Source\Sad\1358_hl_gezi.wav,sad,gezi
Sound Source\Sad\1358_hl_gicik.wav,sad,gicik
Sound Source\Sad\1358_hl_goz.wav,sad,goz
Sound Source\Sad\1358_hl_gunes.wav,sad,gunes
Sound Source\Sad\1358_hl_gurbuz.wav,sad,gurbuz
Sound Source\Sad\1358_hl_hekim.wav,sad,hekim
Sound Source\Sad\1358_hl_igde.wav,sad,igde
Sound Source\Sad\1358_hl_isirgan.wav,sad,isirgan
Sound Source\Sad\1358_hl_japon.wav,sad,japon
Sound Source\Sad\1358_hl_kagit.wav,sad,kagit
Sound Source\Sad\1358_hl_karton.wav,sad,karton
Sound Source\Sad\1358_hl_kedi.wav,sad,kedi
Sound Source\Sad\1358_hl_kemik.wav,sad,kemik
Sound Source\Sad\1358_hl_kibir.wav,sad,kibir
Sound Source\Sad\1358_hl_kiler.wav,sad,kiler
Sound Source\Sad\1358_hl_kirgin.wav,sad,kirgin
Sound Source\Sad\1358_hl_koku.wav,sad,koku
Sound Source\Sad\1358_hl_konuk.wav,sad,konuk
Sound Source\Sad\1358_hl_koy.wav,sad,koy
Sound Source\Sad\1358_hl_kulac.wav,sad,kulac
Sound Source\Sad\1358_hl_kusluk.wav,sad,kusluk
Sound Source\Sad\1358_hl_kustah.wav,sad,kustah
Sound Source\Sad\1358_hl_lokma.wav,sad,lokma
Sound Source\Sad\1358_hl_lufer.wav,sad,lufer
Sound Source\Sad\1358_hl_melek.wav,sad,melek
Sound Source\Sad\1358_hl_mujde.wav,sad,mujde
Sound Source\Sad\1358_hl_nasil.wav,sad,nasil
Sound Source\Sad\1358_hl_nicin.wav,sad,nicin
Sound Source\Sad\1358_hl_odenek.wav,sad,odenek
Sound Source\Sad\1358_hl_ogul.wav,sad,ogul
Sound Source\Sad\1358_hl_okul.wav,sad,okul
Sound Source\Sad\1358_hl_olcut.wav,sad,olcut
Sound Source\Sad\1358_hl_ordek.wav,sad,ordek
Sound Source\Sad\1358_hl_orgu.wav,sad,orgu
Sound Source\Sad\1358_hl_pamuk.wav,sad,pamuk
Sound Source\Sad\1358_hl_pas.wav,sad,pas
Sound Source\Sad\1358_hl_pihti.wav,sad,pihti
Sound Source\Sad\1358_hl_rihtim.wav,sad,rihtim
Sound Source\Sad\1358_hl_saf.wav,sad,saf
Sound Source\Sad\1358_hl_sarap.wav,sad,sarap
Sound Source\Sad\1358_hl_sarj.wav,sad,sarj
Sound Source\Sad\1358_hl_satir.wav,sad,satir
Sound Source\Sad\1358_hl_senlik.wav,sad,senlik
Sound Source\Sad\1358_hl_sepet.wav,sad,sepet
Sound Source\Sad\1358_hl_serin.wav,sad,serin
Sound Source\Sad\1358_hl_sevgi.wav,sad,sevgi
Sound Source\Sad\1358_hl_simit.wav,sad,simit
Sound Source\Sad\1358_hl_soba.wav,sad,soba
Sound Source\Sad\1358_hl_sucuk.wav,sad,sucuk
Sound Source\Sad\1358_hl_tahta.wav,sad,tahta
Sound Source\Sad\1358_hl_tembel.wav,sad,tembel
Sound Source\Sad\1358_hl_tirtil.wav,sad,tirtil
Sound Source\Sad\1358_hl_turev.wav,sad,turev
Sound Source\Sad\1358_hl_unlu.wav,sad,unlu
Sound Source\Sad\1358_hl_utanc.wav,sad,utanc
Sound Source\Sad\1358_hl_vurgu.wav,sad,vurgu
Sound Source\Sad\1358_hl_yanki.wav,sad,yanki
Sound Source\Sad\1358_hl_yazim.wav,sad,yazim
Sound Source\Sad\1358_hl_yigilmak.wav,sad,yigilmak
Sound Source\Sad\1358_hl_yigin.wav,sad,yigin
Sound Source\Sad\1358_hl_zeytin.wav,sad,zeytin
Sound Source\Sad\1984_hl_acik.wav,sad,acik
Sound Source\Sad\1984_hl_algi.wav,sad,algi
Sound Source\Sad\1984_hl_beste.wav,sad,beste
Sound Source\Sad\1984_hl_bugu.wav,sad,bugu
Sound Source\Sad\1984_hl_cay.wav,sad,cay
Sound Source\Sad\1984_hl_cekirge.wav,sad,cekirge
Sound Source\Sad\1984_hl_cene.wav,sad,cene
Sound Source\Sad\1984_hl_ceren.wav,sad,ceren
Sound Source\Sad\1984_hl_cilek.wav,sad,cilek
Sound Source\Sad\1984_hl_defne.wav,sad,defne
Sound Source\Sad\1984_hl_demet.wav,sad,demet
Sound Source\Sad\1984_hl_demir.wav,sad,demir
Sound Source\Sad\1984_hl_deve.wav,sad,deve
Sound Source\Sad\1984_hl_deyim.wav,sad,deyim
Sound Source\Sad\1984_hl_dil.wav,sad,dil
Sound Source\Sad\1984_hl_dizge.wav,sad,dizge
Sound Source\Sad\1984_hl_dugun.wav,sad,dugun
Sound Source\Sad\1984_hl_eger.wav,sad,eger
Sound Source\Sad\1984_hl_elmacik.wav,sad,elmacik
Sound Source\Sad\1984_hl_eski.wav,sad,eski
Sound Source\Sad\1984_hl_firildak.wav,sad,firildak
Sound Source\Sad\1984_hl_gezi.wav,sad,gezi
Sound Source\Sad\1984_hl_gicik.wav,sad,gicik
Sound Source\Sad\1984_hl_goz.wav,sad,goz
Sound Source\Sad\1984_hl_gunes.wav,sad,gunes
Sound Source\Sad\1984_hl_gurbuz.wav,sad,gurbuz
Sound Source\Sad\1984_hl_hekim.wav,sad,hekim
Sound Source\Sad\1984_hl_igde.wav,sad,igde
Sound Source\Sad\1984_hl_isirgan.wav,sad,isirgan
Sound Source\Sad\1984_hl_japon.wav,sad,japon
Sound Source\Sad\1984_hl_kagit.wav,sad,kagit
Sound Source\Sad\1984_hl_karton.wav,sad,karton
Sound Source\Sad\1984_hl_kedi.wav,sad,kedi
Sound Source\Sad\1984_hl_kemik.wav,sad,kemik
Sound Source\Sad\1984_hl_kibir.wav,sad,kibir
Sound Source\Sad\1984_hl_kiler.wav,sad,kiler
Sound Source\Sad\1984_hl_kirgin.wav,sad,kirgin
Sound Source\Sad\1984_hl_koku.wav,sad,koku
Sound Source\Sad\1984_hl_konuk.wav,sad,konuk
Sound Source\Sad\1984_hl_koy.wav,sad,koy
Sound Source\Sad\1984_hl_kulac.wav,sad,kulac
Sound Source\Sad\1984_hl_kusluk.wav,sad,kusluk
Sound Source\Sad\1984_hl_kustah.wav,sad,kustah
Sound Source\Sad\1984_hl_lokma.wav,sad,lokma
Sound Source\Sad\1984_hl_lufer.wav,sad,lufer
Sound Source\Sad\1984_hl_melek.wav,sad,melek
Sound Source\Sad\1984_hl_mujde.wav,sad,mujde
Sound Source\Sad\1984_hl_nasil.wav,sad,nasil
Sound Source\Sad\1984_hl_nicin.wav,sad,nicin
Sound Source\Sad\1984_hl_odenek.wav,sad,odenek
Sound Source\Sad\1984_hl_ogul.wav,sad,ogul
Sound Source\Sad\1984_hl_okul.wav,sad,okul
Sound Source\Sad\1984_hl_olcut.wav,sad,olcut
Sound Source\Sad\1984_hl_ordek.wav,sad,ordek
Sound Source\Sad\1984_hl_orgu.wav,sad,orgu
Sound Source\Sad\1984_hl_pamuk.wav,sad,pamuk
Sound Source\Sad\1984_hl_pas.wav,sad,pas
Sound Source\Sad\1984_hl_pihti.wav,sad,pihti
Sound Source\Sad\1984_hl_rihtim.wav,sad,rihtim
Sound Source\Sad\1984_hl_saf.wav,sad,saf
Sound Source\Sad\1984_hl_sarap.wav,sad,sarap
Sound Source\Sad\1984_hl_sarj.wav,sad,sarj
Sound Source\Sad\1984_hl_satir.wav,sad,satir
Sound Source\Sad\1984_hl_senlik.wav,sad,senlik
Sound Source\Sad\1984_hl_sepet.wav,sad,sepet
Sound Source\Sad\1984_hl_serin.wav,sad,serin
Sound Source\Sad\1984_hl_sevgi.wav,sad,sevgi
Sound Source\Sad\1984_hl_simit.wav,sad,simit
Sound Source\Sad\1984_hl_soba.wav,sad,soba
Sound Source\Sad\1984_hl_sucuk.wav,sad,sucuk
Sound Source\Sad\1984_hl_tahta.wav,sad,tahta
Sound Source\Sad\1984_hl_tembel.wav,sad,tembel
Sound Source\Sad\1984_hl_tirtil.wav,sad,tirtil
Sound Source\Sad\1984_hl_turev.wav,sad,turev
Sound Source\Sad\1984_hl_unlu.wav,sad,unlu
Sound Source\Sad\1984_hl_utanc.wav,sad,utanc
Sound Source\Sad\1984_hl_vurgu.wav,sad,vurgu
Sound Source\Sad\1984_hl_yanki.wav,sad,yanki
Sound Source\Sad\1984_hl_yazim.wav,sad,yazim
Sound Source\Sad\1984_hl_yigilmak.wav,sad,yigilmak
Sound Source\Sad\1984_hl_yigin.wav,sad,yigin
Sound Source\Sad\1984_hl_zeytin.wav,sad,zeytin
Sound Source\Sad\6783_hl_acik.wav,sad,acik
Sound Source\Sad\6783_hl_algi.wav,sad,algi
Sound Source\Sad\6783_hl_beste.wav,sad,beste
Sound Source\Sad\6783_hl_bugu.wav,sad,bugu
Sound Source\Sad\6783_hl_cay.wav,sad,cay
Sound Source\Sad\6783_hl_cekirge.wav,sad,cekirge
Sound Source\Sad\6783_hl_cene.wav,sad,cene
Sound Source\Sad\6783_hl_ceren.wav,sad,ceren
Sound Source\Sad\6783_hl_cilek.wav,sad,cilek
Sound Source\Sad\6783_hl_defne.wav,sad,defne
Sound Source\Sad\6783_hl_demet.wav,sad,demet
Sound Source\Sad\6783_hl_demir.wav,sad,demir
Sound Source\Sad\6783_hl_deve.wav,sad,deve
Sound Source\Sad\6783_hl_deyim.wav,sad,deyim
Sound Source\Sad\6783_hl_dil.wav,sad,dil
Sound Source\Sad\6783_hl_dizge.wav,sad,dizge
Sound Source\Sad\6783_hl_dugun.wav,sad,dugun
Sound Source\Sad\6783_hl_eger.wav,sad,eger
Sound Source\Sad\6783_hl_elmacik.wav,sad,elmacik
Sound Source\Sad\6783_hl_eski.wav,sad,eski
Sound Source\Sad\6783_hl_firildak.wav,sad,firildak
Sound Source\Sad\6783_hl_gezi.wav,sad,gezi
Sound Source\Sad\6783_hl_gicik.wav,sad,gicik
Sound Source\Sad\6783_hl_goz.wav,sad,goz
Sound Source\Sad\6783_hl_gunes.wav,sad,gunes
Sound Source\Sad\6783_hl_gurbuz.wav,sad,gurbuz
Sound Source\Sad\6783_hl_hekim.wav,sad,hekim
Sound Source\Sad\6783_hl_igde.wav,sad,igde
Sound Source\Sad\6783_hl_isirgan.wav,sad,isirgan
Sound Source\Sad\6783_hl_japon.wav,sad,japon
Sound Source\Sad\6783_hl_kagit.wav,sad,kagit
Sound Source\Sad\6783_hl_karton.wav,sad,karton
Sound Source\Sad\6783_hl_kedi.wav,sad,kedi
Sound Source\Sad\6783_hl_kemik.wav,sad,kemik
Sound Source\Sad\6783_hl_kibir.wav,sad,kibir
Sound Source\Sad\6783_hl_kiler.wav,sad,kiler
Sound Source\Sad\6783_hl_kirgin.wav,sad,kirgin
Sound Source\Sad\6783_hl_koku.wav,sad,koku
Sound Source\Sad\6783_hl_konuk.wav,sad,konuk
Sound Source\Sad\6783_hl_koy.wav,sad,koy
Sound Source\Sad\6783_hl_kulac.wav,sad,kulac
Sound Source\Sad\6783_hl_kusluk.wav,sad,kusluk
Sound Source\Sad\6783_hl_kustah.wav,sad,kustah
Sound Source\Sad\6783_hl_lokma.wav,sad,lokma
Sound Source\Sad\6783_hl_lufer.wav,sad,lufer
Sound Source\Sad\6783_hl_melek.wav,sad,melek
Sound Source\Sad\6783_hl_mujde.wav,sad,mujde
Sound Source\Sad\6783_hl_nasil.wav,sad,nasil
Sound Source\Sad\6783_hl_nicin.wav,sad,nicin
Sound Source\Sad\6783_hl_odenek.wav,sad,odenek
Sound Source\Sad\6783_hl_ogul.wav,sad,ogul
Sound Source\Sad\6783_hl_okul.wav,sad,okul
Sound Source\Sad\6783_hl_olcut.wav,sad,olcut
Sound Source\Sad\6783_hl_ordek.wav,sad,ordek
Sound Source\Sad\6783_hl_orgu.wav,sad,orgu
Sound Source\Sad\6783_hl_pamuk.wav,sad,pamuk
Sound Source\Sad\6783_hl_pas.wav,sad,pas
Sound Source\Sad\6783_hl_pihti.wav,sad,pihti
Sound Source\Sad\6783_hl_rihtim.wav,sad,rihtim
Sound Source\Sad\6783_hl_saf.wav,sad,saf
Sound Source\Sad\6783_hl_sarap.wav,sad,sarap
Sound Source\Sad\6783_hl_sarj.wav,sad,sarj
Sound Source\Sad\6783_hl_satir.wav,sad,satir
Sound Source\Sad\6783_hl_senlik.wav,sad,senlik
Sound Source\Sad\6783_hl_sepet.wav,sad,sepet
Sound Source\Sad\6783_hl_serin.wav,sad,serin
Sound Source\Sad\6783_hl_sevgi.wav,sad,sevgi
Sound Source\Sad\6783_hl_simit.wav,sad,simit
Sound Source\Sad\6783_hl_soba.wav,sad,soba
Sound Source\Sad\6783_hl_sucuk.wav,sad,sucuk
Sound Source\Sad\6783_hl_tahta.wav,sad,tahta
Sound Source\Sad\6783_hl_tembel.wav,sad,tembel
Sound Source\Sad\6783_hl_tirtil.wav,sad,tirtil
Sound Source\Sad\6783_hl_turev.wav,sad,turev
Sound Source\Sad\6783_hl_unlu.wav,sad,unlu
Sound Source\Sad\6783_hl_utanc.wav,sad,utanc
Sound Source\Sad\6783_hl_vurgu.wav,sad,vurgu
Sound Source\Sad\6783_hl_yanki.wav,sad,yanki
Sound Source\Sad\6783_hl_yazim.wav,sad,yazim
Sound Source\Sad\6783_hl_yigilmak.wav,sad,yigilmak
Sound Source\Sad\6783_hl_yigin.wav,sad,yigin
Sound Source\Sad\6783_hl_zeytin.wav,sad,zeytin
Sound Source\Sad\7895_hl_acik.wav,sad,acik
Sound Source\Sad\7895_hl_algi.wav,sad,algi
Sound Source\Sad\7895_hl_beste.wav,sad,beste
Sound Source\Sad\7895_hl_bugu.wav,sad,bugu
Sound Source\Sad\7895_hl_cay.wav,sad,cay
Sound Source\Sad\7895_hl_cekirge.wav,sad,cekirge
Sound Source\Sad\7895_hl_cene.wav,sad,cene
Sound Source\Sad\7895_hl_ceren.wav,sad,ceren
Sound Source\Sad\7895_hl_cilek.wav,sad,cilek
Sound Source\Sad\7895_hl_defne.wav,sad,defne
Sound Source\Sad\7895_hl_demet.wav,sad,demet
Sound Source\Sad\7895_hl_demir.wav,sad,demir
Sound Source\Sad\7895_hl_deve.wav,sad,deve
Sound Source\Sad\7895_hl_deyim.wav,sad,deyim
Sound Source\Sad\7895_hl_dil.wav,sad,dil
Sound Source\Sad\7895_hl_dizge.wav,sad,dizge
Sound Source\Sad\7895_hl_dugun.wav,sad,dugun
Sound Source\Sad\7895_hl_eger.wav,sad,eger
Sound Source\Sad\7895_hl_elmacik.wav,sad,elmacik
Sound Source\Sad\7895_hl_eski.wav,sad,eski
Sound Source\Sad\7895_hl_firildak.wav,sad,firildak
Sound Source\Sad\7895_hl_gezi.wav,sad,gezi
Sound Source\Sad\7895_hl_gicik.wav,sad,gicik
Sound Source\Sad\7895_hl_goz.wav,sad,goz
Sound Source\Sad\7895_hl_gunes.wav,sad,gunes
Sound Source\Sad\7895_hl_gurbuz.wav,sad,gurbuz
Sound Source\Sad\7895_hl_hekim.wav,sad,hekim
Sound Source\Sad\7895_hl_igde.wav,sad,igde
Sound Source\Sad\7895_hl_isirgan.wav,sad,isirgan
Sound Source\Sad\7895_hl_japon.wav,sad,japon
Sound Source\Sad\7895_hl_kagit.wav,sad,kagit
Sound Source\Sad\7895_hl_karton.wav,sad,karton
Sound Source\Sad\7895_hl_kedi.wav,sad,kedi
Sound Source\Sad\7895_hl_kemik.wav,sad,kemik
Sound Source\Sad\7895_hl_kibir.wav,sad,kibir
Sound Source\Sad\7895_hl_kiler.wav,sad,kiler
Sound Source\Sad\7895_hl_kirgin.wav,sad,kirgin
Sound Source\Sad\7895_hl_koku.wav,sad,koku
Sound Source\Sad\7895_hl_konuk.wav,sad,konuk
Sound Source\Sad\7895_hl_koy.wav,sad,koy
Sound Source\Sad\7895_hl_kulac.wav,sad,kulac
Sound Source\Sad\7895_hl_kusluk.wav,sad,kusluk
Sound Source\Sad\7895_hl_kustah.wav,sad,kustah
Sound Source\Sad\7895_hl_lokma.wav,sad,lokma
Sound Source\Sad\7895_hl_lufer.wav,sad,lufer
Sound Source\Sad\7895_hl_melek.wav,sad,melek
Sound Source\Sad\7895_hl_mujde.wav,sad,mujde
Sound Source\Sad\7895_hl_nasil.wav,sad,nasil
Sound Source\Sad\7895_hl_nicin.wav,sad,nicin
Sound Source\Sad\7895_hl_odenek.wav,sad,odenek
Sound Source\Sad\7895_hl_ogul1.wav,sad,ogul1
Sound Source\Sad\7895_hl_okul.wav,sad,okul
Sound Source\Sad\7895_hl_olcut.wav,sad,olcut
Sound Source\Sad\7895_hl_ordek.wav,sad,ordek
Sound Source\Sad\7895_hl_orgu.wav,sad,orgu
Sound Source\Sad\7895_hl_pamuk.wav,sad,pamuk
Sound Source\Sad\7895_hl_pas.wav,sad,pas
Sound Source\Sad\7895_hl_pihti.wav,sad,pihti
Sound Source\Sad\7895_hl_rihtim.wav,sad,rihtim
Sound Source\Sad\7895_hl_saf.wav,sad,saf
Sound Source\Sad\7895_hl_sarap.wav,sad,sarap
Sound Source\Sad\7895_hl_sarj.wav,sad,sarj
Sound Source\Sad\7895_hl_satir.wav,sad,satir
Sound Source\Sad\7895_hl_senlik.wav,sad,senlik
Sound Source\Sad\7895_hl_sepet.wav,sad,sepet
Sound Source\Sad\7895_hl_serin.wav,sad,serin
Sound Source\Sad\7895_hl_sevgi.wav,sad,sevgi
Sound Source\Sad\7895_hl_simit.wav,sad,simit
Sound Source\Sad\7895_hl_soba.wav,sad,soba
Sound Source\Sad\7895_hl_sucuk.wav,sad,sucuk
Sound Source\Sad\7895_hl_tahta.wav,sad,tahta
Sound Source\Sad\7895_hl_tembel.wav,sad,tembel
Sound Source\Sad\7895_hl_tirtil.wav,sad,tirtil
Sound Source\Sad\7895_hl_turev.wav,sad,turev
Sound Source\Sad\7895_hl_unlu.wav,sad,unlu
Sound Source\Sad\7895_hl_utanc.wav,sad,utanc
Sound Source\Sad\7895_hl_vurgu.wav,sad,vurgu
Sound Source\Sad\7895_hl_yanki.wav,sad,yanki
Sound Source\Sad\7895_hl_yazim.wav,sad,yazim
Sound Source\Sad\7895_hl_yigilmak.wav,sad,yigilmak
Sound Source\Sad\7895_hl_yigin.wav,sad,yigin
Sound Source\Sad\7895_hl_zeytin.wav,sad,zeytin
